filename,sha1
ARM-software_CMSIS-FreeRTOS_adfcb9a6ba3892bf4d39daa212a8f37d36c2f9f9_viu0w1f5_sbom.spdx,99511bd204d31fdcc416c0dcad4898763c159a8c
BonexGoo_Boss2D_ee34d813bda65f8a03eec2477abb9ce8f2a6978d_lgr3ggu1_sbom.spdx.json,146ae97523ff517d8c0d39b27974fe6a2c2aaee9
CactuseSecurity_firewall-orchestrator_747d9d8278f97aae11560005b152efc89d74ad40_8xb3gwj0_fwo-sbom.json,620ccfd35d6cd63cb308ed2f49b6c3ff958d4ce1
Checkmarx_kics_59f46f7b229f2c24ac2afa9757869bc21095c12c_rf2fimkj_kics.spdx.json,01e73cb6188e767953b4d6216b18305478de3dbb
DataDog_datadog-ci_264bdb639349be25cb3783b279ceb8dd427f9e89_t4vm86zg_sbom.json,d849045fec2475822b61f81702a42c4276a76c40
Embarcadero_P4D-Data-Sciences_551db5923fad9a9e8384169233dd64ddf9f87d12_8mzy4h4f_bom.json,f55e66bbe2a7576f6593f8cd7b05662ae665993b
FreeRTOS_FreeRTOS_release_3woovpg5_sbom.spdx,5327488316d1e4ac681617405f394f013d964712
FreeRTOS_FreeRTOS_release_ln0icj0f_sbom.spdx,4af60aa9b35b054f16094f4f4de312d4c91001c6
FreeRTOS_FreeRTOS_release_kqxf1v6u_sbom.spdx,879f9592299b88ce85c0ec0a36f153822b884aea
FreeRTOS_FreeRTOS_release_k040b4bb_sbom.spdx,0ab3a1645112613e962b72dd4b29fbd2a803d3f8
FreeRTOS_FreeRTOS_release_rc95imkw_sbom.spdx,30118a022f26d2707dc8e846e9deecd7b17f20b9
FreeRTOS_FreeRTOS_release_83l9awgd_sbom.spdx,f5c3abc2a275224a3e64c8744edc600cc7964f06
FreeRTOS_FreeRTOS_release_bqgvyntg_sbom.spdx,f4519bb3f68e5b3b62c0d2b3e8c5c955989d9660
FreeRTOS_FreeRTOS_release_4e8e6ji9_sbom.spdx,d97c0873b24cb749c749aaa572b3ef36fedc68ec
FreeRTOS_FreeRTOS_release_glqhkgzc_sbom.spdx,4feb2b30e15c9c25f64fa3adc794d5cd7b426fdd
FreeRTOS_FreeRTOS_release_xxqb1lcm_sbom.spdx,7855b40ad7d8ac47eb9ec25041fe4586ae767f9d
FreeRTOS_FreeRTOS_release_x7io2wtd_sbom.spdx,a1bb2e6bc4fdc8d9ab7e7fee50e6852c1f91d7cd
FreeRTOS_FreeRTOS_release_f7e96a76_sbom.spdx,f7e3ce928b28a0a310891a3d4a5b306fbadcbc5c
FreeRTOS_FreeRTOS_release_osjxovms_sbom.spdx,30dd24c4ca9788747e00c89cb3457dc2cf07afd0
FreeRTOS_FreeRTOS_release_cxdxw9na_sbom.spdx,59b0b7287ce9d873a7593caa465739fce9dfa5a6
FreeRTOS_FreeRTOS-Kernel_release_35c9w657_sbom.spdx,99511bd204d31fdcc416c0dcad4898763c159a8c
GerbilSoft_rom-properties_b6538e24c91e844f8411d67e614c5f66d0935c26_cd2kuvc6_sbom.cdx.json,927490ac48867bb08976488dfcb187d4a64c77fc
HeyMegabyte_gas-station_1a7dfc548839dea3b7935a7afa765b6750c6d310_voz8ns7b_cyclonedx-npm-npm.json,c3686f4406b36839d46465eb4a704575a3780369
IBM_sonar-cryptography_e76741ec0f2aa4fcb715e5448f50ea3911331c2a_in5p0mez_bom.json,584c729091fb4889fe6f3539cf2ed500a0509979
IBM_sonar-cryptography_e76741ec0f2aa4fcb715e5448f50ea3911331c2a_fpcrcvy2_bom.json,e72aac1c27694a2b2bb2a6805c84d76e69b57196
IBM_sonar-cryptography_e76741ec0f2aa4fcb715e5448f50ea3911331c2a_zjxrw8n0_bom.json,c7cffdaba7fb4f0c9c46ebb5476929ed5770b168
IBM_sonar-cryptography_e76741ec0f2aa4fcb715e5448f50ea3911331c2a_3o1t60iu_bom.json,d6599f0a9144dbf307e49d4b22bd401829e63e1f
IBM_sonar-cryptography_e76741ec0f2aa4fcb715e5448f50ea3911331c2a_izmbmung_bom.json,f3ab00301e02329b8509261da3fdd28fab8e977a
IBM_sonar-cryptography_e76741ec0f2aa4fcb715e5448f50ea3911331c2a_a6s7gvjk_bom.json,ee4f69c36cd789978d65c55cc08140cdb7b8f2ed
IBM_sonar-cryptography_e76741ec0f2aa4fcb715e5448f50ea3911331c2a_xszr263e_bom.json,2f053472658d6152de068bb8c04a29da6263bb05
IBM_sonar-cryptography_e76741ec0f2aa4fcb715e5448f50ea3911331c2a_14brunxm_bom.json,06806b9d18ebd5a42b2e250549b5c20a1b5c083b
IBM_sonar-cryptography_e76741ec0f2aa4fcb715e5448f50ea3911331c2a_rnltfyu9_bom.json,66ec641e59edbe7a9ae01cfc21b328035363f321
JanusGraph_janusgraph_release_q6llz5gl_JanusGraph_janusgraph_release_v1.1.0.bom.json,c04665f3bc4d8c312ad39d4115d69313b3bef1ab
JanusGraph_janusgraph_release_8borqvo0_JanusGraph_janusgraph_release_v1.1.0.bom.xml,ff3a29f68a1775e37af1f076fe36fccbd30fea86
JuliaLang_julia_release_ovixj0rd_julia.spdx.json,d2eda8042e51235f988b4a47bbd7c7dda1021b2c
JuliaLang_julia_release_jmffmy6v_julia.spdx.json,d2eda8042e51235f988b4a47bbd7c7dda1021b2c
Kong_insomnia_release_g16r5a21_Kong_insomnia_release_core%4011.1.0-beta.1.image-inso-Linux-X64-sbom.spdx.json,3f87806cb6c12094e80c6694c8a3b9d285b6e2c0
Kong_insomnia_release_pun76pdb_Kong_insomnia_release_core%4011.1.0-beta.1.image-inso-Linux-X64-sbom.cyclonedx.json,98d089b674f97df0c6ac838033e2520f051ecea1
Kong_insomnia_release_qr8c72qr_Kong_insomnia_release_core%4011.1.0-beta.1.sbom.spdx.json,83455f91a1cb01b2731de88908d198eb37f6ecab
Kong_insomnia_release_ms99dlv3_Kong_insomnia_release_core%4011.1.0-beta.1.sbom.cyclonedx.json,9ac03d9e1835c146948340eb8f6a9ee4ef939436
LDAPAccountManager_lam_4d7e0d277f4bb3ce7cef344136c97d9ae0dfe3d9_xeok1kfp_sbom-libs.json,c3be8dadf6da5c8c8da66bf34c2cb82109a48f24
LDAPAccountManager_lam_4d7e0d277f4bb3ce7cef344136c97d9ae0dfe3d9_tulxb2lk_sbom-composer.json,cd1b26922c81c22cdf0222d85b81fbb4c1af0bef
LDAPAccountManager_lam_4d7e0d277f4bb3ce7cef344136c97d9ae0dfe3d9_32ad6x7j_sbom.json,8cf21f67b5f8ebb2563d44d1ed8ddd8f89006e61
Mbed-TLS_mbedtls_232da48471ed09004b8de690d91078cb4d8d0667_nagg8wi9_sbom.cdx.json,27d52dd7b41a1023476d67346e0ca7ea93ff20d2
NationalSecurityAgency_ghidra_release_lubloxlq_bom.json,cad8c3414cbf3d320e3050e284d3304f48c3e865
NixOS_nixpkgs_a8ab6a03ef15ec274d130af9e2aa061f66e9c473_wsjfnakb_sbom.json,345aae48a9e1a5560bde671ab7e15fc0f37efea4
NixOS_nixpkgs_a8ab6a03ef15ec274d130af9e2aa061f66e9c473_9fce0l6r_sbom.json,ec05d0cc8c71cad23ba4bb078c97cfdb73dc64ab
NixOS_nixpkgs_a8ab6a03ef15ec274d130af9e2aa061f66e9c473_oy4t1bk8_sbom.json,d2de3d9e7f80607bb015fde8b6c261e5a6be4d76
PacktPublishing_Adversarial-AI---Attacks-Mitigations-and-Defense-Strategies_2f2799c38f621bf4fabe95bf0f131fcbe448f163_58o0in6q_simple-cifar10.h5.sbom.json,39ff650127fe39daedc0a869fb19bf853c43a007
Santandersecurityresearch_asvs_e4504b1c1990876462c242d320b4f1a425088da4_zw5ddmwq_bom.json,f052ac42024150ffbf0edc0f5af6f5cb6e5982fa
Siemens-Healthineers_K2s_5204b141aace417015b6553e4fa8f355b7866ef3_s06be4bo_k2s-bom.json,f8a661f4ebe69571f6440616c2086067c3298907
Siemens-Healthineers_K2s_5204b141aace417015b6553e4fa8f355b7866ef3_xpdp43xa_k2s-bom.xml,55d6d9017eb647302ff23bab61484e93c88faf32
Siemens-Healthineers_K2s_5204b141aace417015b6553e4fa8f355b7866ef3_plku3h4x_k2s-static.json,80090ddd20c4569096f8f73305c3a974b5ebe856
SonarSource_sonarqube_5d17b767196bbdb6cef26cfc6992d6bf99c5cc58_ts0mdita_CVE-review-and-treatment-status-sqcb.json,867e0414af6ced746313e1261a91ee4c0de51684
TheHive-Project_Cortex_release_zheyesvo_TheHive-Project_Cortex_release_3.1.8.cortex-3.1.8-1.bom.xml,21310471c3c745c8c9a9f0230f69a0f7ad43cf2f
WasmEdge_WasmEdge_release_kih997zg_spdx-18c05e3a-3c61-4d71-831b-0d8eb5fa329c.spdx.json,7d6ec2e0dc40bb23bd3ec0a1bd6c3335c4948352
Workiva_go-datastructures_release_g6uh0am4_Workiva_go-datastructures_release_v1.1.5.go-datastructures-Tests.cyclonedx.json,08e992359d0d7da041ef67754e0d6c83633e709b
Workiva_over_react_release_giufux9h_Workiva_over_react_release_5.4.4.over_react-create-sbom-release-asset.cyclonedx.json,fa66852261631a16912407da23438ac77f098edf
aboutcode-org_dejacode_41482dcfe746a0ef414ea0528e3b97f1216753f3_xc9dmfpq_protonmail-webclient-v4-0912dff.bom.cdx.json,322f634f129a7795c4f12e087c69ad8b61eb54f7
aboutcode-org_dejacode_41482dcfe746a0ef414ea0528e3b97f1216753f3_ny7asdqz_dejacode_starship_product_a0_navigator_2.4.1.spdx.json,77864b000cad0523330d0b5bfe4fbdedf689802a
aboutcode-org_dejacode_41482dcfe746a0ef414ea0528e3b97f1216753f3_citabntp_keycloak-10.0.2.bom.cdx.json,7b4dc020816b0dcd74cd444697c3df392ad04da3
actions_runner-images_release_hu6wpsq0_sbom.json,e6b1ecb6c5f09909df112f60a737e0ff824cf22d
apache_camel_cef33d579dbb15401a47e116f7731fa1a8f27165_mgw9zk4r_camel-sbom.xml,5bf9d32a2eeeb19e696618c587654e86f5f6b57a
apache_camel_cef33d579dbb15401a47e116f7731fa1a8f27165_2dppg2oe_camel-sbom.json,c224c60dfc916f563efc5fffa9327fb42ace6b25
apache_camel-kamelets_574c30b156599f6d0df5796fec4d698dbcd4ae3a_guk92prj_camel-kamelets-sbom.json,936cad14c5f5c34b0e5f432546f5e8216ce9fc02
apache_camel-kamelets_574c30b156599f6d0df5796fec4d698dbcd4ae3a_2ybcfgk5_camel-kamelets-sbom.xml,95e5ddb2b2748c6ffae0dc16e043b6968b7c2181
apache_camel-quarkus_0677cc0b71db824a653a2da1fea8484c1e5e7659_f7aw37jr_camel-quarkus-sbom.json,4432bb8e3918ab698f162aef786261e589969de0
apache_camel-quarkus_0677cc0b71db824a653a2da1fea8484c1e5e7659_tpgwltr4_camel-quarkus-sbom.xml,6aea957875e16db35cfb91244d6e34db173d15e3
apache_camel-spring-boot_6903aca521f9a59371c6dc0ddfb0ee9ff62c5964_zphfuxge_camel-spring-boot-sbom.xml,8b5abfd5f1705ceb1d6c89767e8f07946552f3d5
apache_camel-spring-boot_6903aca521f9a59371c6dc0ddfb0ee9ff62c5964_e1rie1qp_camel-spring-boot-sbom.json,a7f05a095fcee6e8ee2839a732a7490d8d5ad3f0
aquasecurity_trivy_release_vlkre04x_aquasecurity_trivy_release_v0.61.1.bom.json,4beba582014361e8c00c02fd4cdd879d323b885f
argoproj_argo-cd_release_86drrkya_bom-yarn.spdx,90d69998b08d0d859579d93c9107710393e3a436
argoproj_argo-cd_release_52z1i049_bom-go-mod.spdx,5ed188d097170c06b89e67e37a8ca9743cb4554c
argoproj_argo-cd_release_wbnfika0_bom-docker-image.spdx,133c4e00146f04715f7fc3fa27f34bc11059424c
argoproj_argo-workflows_release_23ftty8r_bom-yarn.spdx,c51d077b7bb2c3a43b91a3c02a90f43586fb8f39
argoproj_argo-workflows_release_3psfxkdg_bom-go-mod.spdx,70ae350ee45d6c22b29a505fe39c5dc83871e4ec
argoproj_argo-workflows_release_j7phhnac_workflow-controller.spdx,236be13aa96cd87c42f5b34867930fffe1cf95a4
argoproj_argo-workflows_release_7ahhvx8c_argoexec.spdx,c8603cc66e993c459618a1e553769c43cd51b1b4
argoproj_argo-workflows_release_bl0asd7i_argocli.spdx,fede70dacc9897846a1c3bc7ab735a54e7e32085
balena-io_etcher_release_64e8xj1q_balena-io_etcher_release_v2.1.0.npm-sbom.json,f7cfcbbb2bef0f920df810630c176b8f751db9c9
bgeesaman_malicious-compliance_37e4aa3500e1f52927b2bb4b580fcc59d72c71ab_6n1xuk05_sbom-syft-0-base.json,c8a7aae63fe83c5f52783bfeaa2322fdd15c172d
bgeesaman_malicious-compliance_37e4aa3500e1f52927b2bb4b580fcc59d72c71ab_tehtc7q3_sbom-syft-5-zero.json,534fb699198bc404a0c37766907a80946bf61fd6
bgeesaman_malicious-compliance_37e4aa3500e1f52927b2bb4b580fcc59d72c71ab_f1e0nhiz_sbom-trivy-scan-0-base.json,da3bcb80a17db935acee8fcc8edaeae31349af8c
bgeesaman_malicious-compliance_37e4aa3500e1f52927b2bb4b580fcc59d72c71ab_tdpqugm7_sbom-trivy-scan-5-zero.json,be90ba420146d2bdaa91dc595108c9c12e04f94f
boyter_lc_b154f496744528cee0b9d97e78f78df14906ae74_swk97wn0_licensechecker.spdx,dc7cfc32481423d175215b00e619e28a37bf4934
caddyserver_caddy_release_ay40nktz_caddyserver_caddy_release_v2.10.0.caddy_2.10.0_freebsd_amd64.sbom,096bb5ffe83272a2a7b53ea297c5fae905778005
caddyserver_caddy_release_1ejmwpey_caddyserver_caddy_release_v2.10.0.caddy_2.10.0_freebsd_arm64.sbom,c39140fb9dc598be4b2ca0828bc9119623a981f4
caddyserver_caddy_release_sbs8yh2w_caddyserver_caddy_release_v2.10.0.caddy_2.10.0_freebsd_armv6.sbom,6058466b49852fbfacc24cc54952f7e3e5d6e49a
caddyserver_caddy_release_v2swv76w_caddyserver_caddy_release_v2.10.0.caddy_2.10.0_linux_ppc64le.sbom,3668f033f8ee37153468984af44cb7cca38e7529
caddyserver_caddy_release_nehe83r3_caddyserver_caddy_release_v2.10.0.caddy_2.10.0_linux_armv6.sbom,e43ba978cbec13c44ba3f606bb41a5d5147d8bd2
caddyserver_caddy_release_rmlfjkpi_caddyserver_caddy_release_v2.10.0.caddy_2.10.0_linux_riscv64.sbom,f5730c079b3fa938c6af2ddbb87e39487f014abe
caddyserver_caddy_release_6awa5qfb_caddyserver_caddy_release_v2.10.0.caddy_2.10.0_linux_amd64.sbom,9cf226e786e27b4eb70210054a34bc5d7a7160e4
caddyserver_caddy_release_fmqkookn_caddyserver_caddy_release_v2.10.0.caddy_2.10.0_linux_armv7.sbom,82db13bca973d9e196ec81eb3cd9834e5660c5cb
caddyserver_caddy_release_k63gvie4_caddyserver_caddy_release_v2.10.0.caddy_2.10.0_linux_arm64.sbom,3568f5574c56abdf26d66f1854aeb06ada6cf94a
caddyserver_caddy_release_27pbnfsj_caddyserver_caddy_release_v2.10.0.caddy_2.10.0_windows_armv6.sbom,523faa7fcb715d5aa8edec15ab1668ccf0989b63
caddyserver_caddy_release_9pa9urc2_caddyserver_caddy_release_v2.10.0.caddy_2.10.0_mac_amd64.sbom,496701418a1cc222ec2bd280bac95bf55a2acf13
caddyserver_caddy_release_9zq5jtnb_caddyserver_caddy_release_v2.10.0.caddy_2.10.0_freebsd_armv7.sbom,164cc53b2009c24652b8c8daf69c682f7e97ae2c
caddyserver_caddy_release_asf1f8c7_caddyserver_caddy_release_v2.10.0.caddy_2.10.0_mac_arm64.sbom,3ed3e33b4669a9ed1b044b6dfbb8dba90eec0851
caddyserver_caddy_release_hryizcx5_caddyserver_caddy_release_v2.10.0.caddy_2.10.0_linux_armv5.sbom,720581828ebbcce0237e04276e1526e6e524aa17
caddyserver_caddy_release_9ztj1pwf_caddyserver_caddy_release_v2.10.0.caddy_2.10.0_windows_armv5.sbom,377685c35ed57925ee19995945b8befe751c5fbc
caddyserver_caddy_release_at5pu7za_caddyserver_caddy_release_v2.10.0.caddy_2.10.0_windows_arm64.sbom,309e87a7167a279fb994d15a39323122c8c80b41
caddyserver_caddy_release_266zo4fl_caddyserver_caddy_release_v2.10.0.caddy_2.10.0_linux_s390x.sbom,ba3e07acdc1e38a9efd8736b2e5b39db78cc79a7
caddyserver_caddy_release_lsfkztkf_caddyserver_caddy_release_v2.10.0.caddy_2.10.0_windows_amd64.sbom,a01c2892f0ad9fcd77afa9be03a273d1fe3f2114
caddyserver_caddy_release_0vglqpxp_caddyserver_caddy_release_v2.10.0.caddy_2.10.0_windows_armv7.sbom,5ca77b290df7c2b9feacd6afab62c64ec1dd6931
chaos-mesh_chaos-mesh_release_w0r9nh93_chaos-mesh_chaos-mesh_release_v2.7.1.chaos-mesh-v2.7.1-sbom.spdx,5334cb6e5321aa23095e6855461ee21b5ed99078
charmbracelet_glow_release_g5wsnyb7_charmbracelet_glow_release_v2.1.0.glow-2.1.0.tar.gz.sbom.json,23d841bddad79f449e51496fbff42e36e97a9bcf
charmbracelet_glow_release_ntfn1ys1_charmbracelet_glow_release_v2.1.0.glow_2.1.0_Darwin_x86_64.tar.gz.sbom.json,c9742db98ec90c2d4d4c79b3169f39e489ee18bf
charmbracelet_glow_release_5tlcd93m_charmbracelet_glow_release_v2.1.0.glow_2.1.0_Darwin_arm64.tar.gz.sbom.json,de45b0b68c9b5dccd391b706d7c6684425a199ea
charmbracelet_glow_release_jsevniih_charmbracelet_glow_release_v2.1.0.glow_2.1.0_Linux_arm.tar.gz.sbom.json,11013c930ef716d8bbe4c4537c2e31e7757f6286
charmbracelet_glow_release_8ywg4qx7_charmbracelet_glow_release_v2.1.0.glow_2.1.0_Linux_arm64.tar.gz.sbom.json,b06cfd9ed86d4e331421a12bb0bb3409d090c148
charmbracelet_glow_release_qqou5zy7_charmbracelet_glow_release_v2.1.0.glow_2.1.0_Netbsd_x86_64.tar.gz.sbom.json,886c3e67be4c4252e92fcf88a7d083e00b8a1cab
charmbracelet_glow_release_injl3yql_charmbracelet_glow_release_v2.1.0.glow_2.1.0_Freebsd_arm64.tar.gz.sbom.json,e904d5a5c485f83e54b1a7e1ad0d152fe8e6193a
charmbracelet_glow_release_0d16tk60_charmbracelet_glow_release_v2.1.0.glow_2.1.0_Netbsd_arm64.tar.gz.sbom.json,8ad6bc38c87d76b4c669f230a1e9f3b896af260c
charmbracelet_glow_release_fwoezcxm_charmbracelet_glow_release_v2.1.0.glow_2.1.0_Openbsd_arm64.tar.gz.sbom.json,4d93a530dc03473fe7aae613ba34526239bd9e52
charmbracelet_glow_release_drw2th4m_charmbracelet_glow_release_v2.1.0.glow_2.1.0_Windows_x86_64.zip.sbom.json,5f566d485eabb3fb49ce0ba196eb9291c67a5a5a
charmbracelet_glow_release_6guelpqz_charmbracelet_glow_release_v2.1.0.glow_2.1.0_Netbsd_arm.tar.gz.sbom.json,9656fdf955eb60fdc68a93411d82de48cf0d50fe
charmbracelet_glow_release_wzbt3t6k_charmbracelet_glow_release_v2.1.0.glow_2.1.0_Openbsd_arm.tar.gz.sbom.json,4afba7d1360c0e55f82d7617a1f5e8dd11c85368
charmbracelet_glow_release_i3vzjw9b_charmbracelet_glow_release_v2.1.0.glow_2.1.0_Freebsd_arm.tar.gz.sbom.json,44be49b6f30adbbf75ccfe67c9ef1d3fce7a1503
charmbracelet_glow_release_128xq4uw_charmbracelet_glow_release_v2.1.0.glow_2.1.0_Freebsd_x86_64.tar.gz.sbom.json,d0a3b5c627e23d04301ab9fb4b0caaed7822b665
charmbracelet_glow_release_nsjxr16c_charmbracelet_glow_release_v2.1.0.glow_2.1.0_Freebsd_i386.tar.gz.sbom.json,6c57b7ad7f5bf9e2af6f7c1aeb051ac257e9c0f4
charmbracelet_glow_release_08l3aeln_charmbracelet_glow_release_v2.1.0.glow_2.1.0_Linux_i386.tar.gz.sbom.json,1be34bc75796ee3a07363e5ddded0cd5f4bb1fb5
charmbracelet_glow_release_wgnuqb1j_charmbracelet_glow_release_v2.1.0.glow_2.1.0_Windows_i386.zip.sbom.json,3393a27244bf2c30674c4adff0c8757097f59488
charmbracelet_glow_release_lhpvv2kb_charmbracelet_glow_release_v2.1.0.glow_2.1.0_Linux_x86_64.tar.gz.sbom.json,ec954660a15b601d15545f835d7e7a8c674271c8
charmbracelet_glow_release_nwgkybav_charmbracelet_glow_release_v2.1.0.glow_2.1.0_Openbsd_i386.tar.gz.sbom.json,ea403f13c27402e202a3c9b37803dd991bc51cfc
charmbracelet_glow_release_6pc48i4p_charmbracelet_glow_release_v2.1.0.glow_2.1.0_Netbsd_i386.tar.gz.sbom.json,7d342ea47f961c5dfcad40fdf0a02ef9ba72fcae
charmbracelet_glow_release_newk8rt1_charmbracelet_glow_release_v2.1.0.glow_2.1.0_Openbsd_x86_64.tar.gz.sbom.json,ca34eeed2dbedce3d285ca564c95208b3d007b8c
charmbracelet_gum_release_tk7jzwsn_charmbracelet_gum_release_v0.16.0.gum_0.16.0_Darwin_x86_64.tar.gz.sbom.json,de7646e8cf607f4099ea8f61650043d180144319
charmbracelet_gum_release_ljcztpw1_charmbracelet_gum_release_v0.16.0.gum_0.16.0_Freebsd_arm64.tar.gz.sbom.json,aedfe26ed4c45e0a8037b1579b96b8044b45a1a7
charmbracelet_gum_release_fmvczjx2_charmbracelet_gum_release_v0.16.0.gum_0.16.0_Darwin_arm64.tar.gz.sbom.json,134d679375c8b7588a6acf415d51b4f12740069a
charmbracelet_gum_release_iottoke9_charmbracelet_gum_release_v0.16.0.gum_0.16.0_Freebsd_x86_64.tar.gz.sbom.json,d35a00a76016f615366e2127170031877f3a6d98
charmbracelet_gum_release_dezsvs5a_charmbracelet_gum_release_v0.16.0.gum_0.16.0_Freebsd_armv6.tar.gz.sbom.json,55568735183675d2ea287fa6dfded5f9bdd0a3ad
charmbracelet_gum_release_4ux7o4gc_charmbracelet_gum_release_v0.16.0.gum_0.16.0_Netbsd_x86_64.tar.gz.sbom.json,fa3d0e32200e82989c61e7fa1b440ba9f4a99eeb
charmbracelet_gum_release_h9vp3z6r_charmbracelet_gum_release_v0.16.0.gum-0.16.0.tar.gz.sbom.json,346025e1844b491837cdbe967d1e71c28da03398
charmbracelet_gum_release_bv94cs90_charmbracelet_gum_release_v0.16.0.gum_0.16.0_Linux_armv7.tar.gz.sbom.json,a4fa7b18b3767d1cf9b492c27a4ea41c8d1c23da
charmbracelet_gum_release_o1b8dm5r_charmbracelet_gum_release_v0.16.0.gum_0.16.0_Openbsd_arm64.tar.gz.sbom.json,efc0171f5e23da1171dbe6678a34addb92231865
charmbracelet_gum_release_otltp1mb_charmbracelet_gum_release_v0.16.0.gum_0.16.0_Freebsd_armv7.tar.gz.sbom.json,ac1b0de1b13013055d63df04bf5e0e4cd503f6f6
charmbracelet_gum_release_ogdyzk6i_charmbracelet_gum_release_v0.16.0.gum_0.16.0_Windows_i386.zip.sbom.json,614b52fc9d38d8193c53090c57c99e62f5f7f183
charmbracelet_gum_release_jzmmxip9_charmbracelet_gum_release_v0.16.0.gum_0.16.0_Openbsd_i386.tar.gz.sbom.json,6f5f2af2de0c801e1d820d90beffc2eb283d38c3
charmbracelet_gum_release_eb03drtp_charmbracelet_gum_release_v0.16.0.gum_0.16.0_Linux_i386.tar.gz.sbom.json,fce2b2862a85c9df67c46f05e3e08e8a0e9d402b
charmbracelet_gum_release_geirbnrk_charmbracelet_gum_release_v0.16.0.gum_0.16.0_Linux_armv6.tar.gz.sbom.json,aac3c94c967df0b2dba130151c2c3221101762a7
charmbracelet_gum_release_snu76tzn_charmbracelet_gum_release_v0.16.0.gum_0.16.0_Linux_arm64.tar.gz.sbom.json,f28ca2b2ec3c7a970974570ffa2c3d36ea382737
charmbracelet_gum_release_lbhbnfer_charmbracelet_gum_release_v0.16.0.gum_0.16.0_Netbsd_arm64.tar.gz.sbom.json,ac44397c9c39b0947ef07115b7c083a6b2875688
charmbracelet_gum_release_1wx1dwpm_charmbracelet_gum_release_v0.16.0.gum_0.16.0_Openbsd_armv6.tar.gz.sbom.json,d6550aef2ee144c9d9fb7cf34d9b92935260763c
charmbracelet_gum_release_ib7phpwz_charmbracelet_gum_release_v0.16.0.gum_0.16.0_Windows_x86_64.zip.sbom.json,b75282fff060e444b01789a5ec05928d8dcef293
charmbracelet_gum_release_ijvjgjlu_charmbracelet_gum_release_v0.16.0.gum_0.16.0_Netbsd_armv7.tar.gz.sbom.json,d33c9adfd96c59ae34c9376c736e098bfc6c86b3
charmbracelet_gum_release_ex2urtxo_charmbracelet_gum_release_v0.16.0.gum_0.16.0_Netbsd_i386.tar.gz.sbom.json,37b63b5ef7b6c2889d9e462f84d0fda55f4e5a27
charmbracelet_gum_release_2zl0l2dz_charmbracelet_gum_release_v0.16.0.gum_0.16.0_Freebsd_i386.tar.gz.sbom.json,7dd1d8ec24690b81589a695249820388f347b231
charmbracelet_gum_release_57qwpa23_charmbracelet_gum_release_v0.16.0.gum_0.16.0_Openbsd_armv7.tar.gz.sbom.json,78fa8295a7975c0fe5937b642177cd567a16e71c
charmbracelet_gum_release_dxx7p92p_charmbracelet_gum_release_v0.16.0.gum_0.16.0_Linux_x86_64.tar.gz.sbom.json,d924b7c612aad8f04dc6a0c872900cd45b2b7fe3
charmbracelet_gum_release_ry7ijiu9_charmbracelet_gum_release_v0.16.0.gum_0.16.0_Openbsd_x86_64.tar.gz.sbom.json,efcc168216a13cdb41b4b0c030d4ba4cc7f0e4bf
charmbracelet_gum_release_wn270l64_charmbracelet_gum_release_v0.16.0.gum_0.16.0_Netbsd_armv6.tar.gz.sbom.json,8715e248335ecaa2d9150df73773a4a438dd994b
charmbracelet_soft-serve_release_h49rcaf6_charmbracelet_soft-serve_release_v0.8.5.soft-serve-0.8.5.tar.gz.sbom.json,f05c9fae08abc13be7b8d53e902ed3a5c35c7533
charmbracelet_soft-serve_release_g9ks58ab_charmbracelet_soft-serve_release_v0.8.5.soft-serve_0.8.5_Freebsd_arm.tar.gz.sbom.json,5a1f351a7c0f89e4bbf7e22dfb9d3215890dca8e
charmbracelet_soft-serve_release_sc3eneoi_charmbracelet_soft-serve_release_v0.8.5.soft-serve_0.8.5_Linux_x86_64.tar.gz.sbom.json,eddc3dc7087e7be1586c4367f6b212b21fdbc22b
charmbracelet_soft-serve_release_p1pzb1ar_charmbracelet_soft-serve_release_v0.8.5.soft-serve_0.8.5_Freebsd_x86_64.tar.gz.sbom.json,1c57b5d31a92a0168ed62dd023beeda26aaa8e85
charmbracelet_soft-serve_release_kojkhx3d_charmbracelet_soft-serve_release_v0.8.5.soft-serve_0.8.5_Darwin_x86_64.tar.gz.sbom.json,60108dcac80d3be3790ae60e78240cb6b8b056cc
charmbracelet_soft-serve_release_trdwchfz_charmbracelet_soft-serve_release_v0.8.5.soft-serve_0.8.5_Darwin_arm64.tar.gz.sbom.json,62ef4414f7f1f5c015c5aea4bc7007089c6b5f5f
charmbracelet_soft-serve_release_tqndbdyn_charmbracelet_soft-serve_release_v0.8.5.soft-serve_0.8.5_Freebsd_i386.tar.gz.sbom.json,52f20a5e6c9f620c7b369692b5f7cba380e7dce7
charmbracelet_soft-serve_release_a02ep4xg_charmbracelet_soft-serve_release_v0.8.5.soft-serve_0.8.5_Freebsd_arm64.tar.gz.sbom.json,f0bf57f19606b94b92d57aebd0735e4b4251ab5a
charmbracelet_soft-serve_release_wm9z4kk9_charmbracelet_soft-serve_release_v0.8.5.soft-serve_0.8.5_Linux_arm64.tar.gz.sbom.json,4491bd0fca9024797624157bef5d30e79e95e2b4
charmbracelet_soft-serve_release_w9qgxfzy_charmbracelet_soft-serve_release_v0.8.5.soft-serve_0.8.5_Windows_x86_64.zip.sbom.json,ea3e3098a70b5f92fa5a61f363e87621a4c647ae
charmbracelet_soft-serve_release_7i63d6uh_charmbracelet_soft-serve_release_v0.8.5.soft-serve_0.8.5_Linux_arm.tar.gz.sbom.json,88b616c1a09cef5f1a4ff765828311a8a8e60271
charmbracelet_soft-serve_release_atnqbhli_charmbracelet_soft-serve_release_v0.8.5.soft-serve_0.8.5_Linux_i386.tar.gz.sbom.json,80c92944ea712c7a109668f32861072312fd7684
charmbracelet_vhs_release_3x7taoyb_charmbracelet_vhs_release_v0.9.0.vhs-0.9.0.tar.gz.sbom.json,873df9ab3514f2cf868b1fd228791355fb19e2fd
charmbracelet_vhs_release_7w005qss_charmbracelet_vhs_release_v0.9.0.vhs_0.9.0_Linux_arm.tar.gz.sbom.json,f2df0bc51e406399a78170ba9cd346872d33fbb2
charmbracelet_vhs_release_5zoq8wxr_charmbracelet_vhs_release_v0.9.0.vhs_0.9.0_Linux_i386.tar.gz.sbom.json,a2c854babfc1ccc0c931d0f70d8933c7d1e8017d
charmbracelet_vhs_release_nmirbkqz_charmbracelet_vhs_release_v0.9.0.vhs_0.9.0_Windows_i386.zip.sbom.json,0c8dc9fa091d5e8f998958e11bbb74b6bac72965
charmbracelet_vhs_release_5ddvl54q_charmbracelet_vhs_release_v0.9.0.vhs_0.9.0_Darwin_arm64.tar.gz.sbom.json,ca2afcefbb52e97bdc40974644e11c177165f990
charmbracelet_vhs_release_9svm4b80_charmbracelet_vhs_release_v0.9.0.vhs_0.9.0_Linux_x86_64.tar.gz.sbom.json,380c0bd992a90ecfa12ca12d63963e1154474e47
charmbracelet_vhs_release_nlbd6so6_charmbracelet_vhs_release_v0.9.0.vhs_0.9.0_Darwin_x86_64.tar.gz.sbom.json,32207ed2e764d5b958636eda21ef482b717e6c97
charmbracelet_vhs_release_r4d8nt1j_charmbracelet_vhs_release_v0.9.0.vhs_0.9.0_Linux_arm64.tar.gz.sbom.json,00efcb3b6ceb5e67bed4942ad5fbae1ca59eb94e
charmbracelet_vhs_release_pufsyl3b_charmbracelet_vhs_release_v0.9.0.vhs_0.9.0_Windows_x86_64.zip.sbom.json,126cf1b39e6f03b3d1a52cf65661422691cfe6d8
cisagov_untitledgoosetool_28208b869c45de77f5c3d13d88f52c717244beaf_wzqr6hpg_cyclonedx_output.json,255190f579b0a2463990d668ab13c2544572a9c8
cisagov_untitledgoosetool_28208b869c45de77f5c3d13d88f52c717244beaf_zekfyca2_spdx_output.json,739623d1b79348dbeec79ff2b2d8aa5cb2c55046
cncf_foundation_1abf0f57be0e81cffe99efc38aba8e94a9fcb40e_frqs25t6_cncf-exceptions-2021-07-19.json,cb2adb6f561962db51bd621cac4b4d029f84c316
cncf_foundation_1abf0f57be0e81cffe99efc38aba8e94a9fcb40e_6uhfticg_cncf-exceptions-2019-11-01.spdx,9c8fb1016275d96022815017444bcaa25c60aa8a
cncf_foundation_1abf0f57be0e81cffe99efc38aba8e94a9fcb40e_0pepaqhh_cncf-exceptions-2023-06-27.spdx,b52b313bbbc9bf30d1de0b0dcf8a3e78341f3fc7
cortexproject_cortex_release_dyisorfo_cortex-container-image.spdx,39f2a1be7a9dfc612cad8a25b391e10931f3660f
cortexproject_cortex_release_np82a4fj_go-mod.spdx,b97a0c4c58e5d77603f2022cae7f3fafdc335e67
cortexproject_cortex_release_hx6vj51w_query-tee-container-image.spdx,1cb2237049c28d27aa052a057b8a63b5b4758273
crossplane-contrib_provider-kafka_6bfe34ee4348711de1ad7ed589629092ecb0b1a8_z96u7ew9_provider-kafka-sbom.xml,0eeed6401c4abc9a189043d5670cbc7ea337e57b
derailed_k9s_release_lxe3de8u_derailed_k9s_release_v0.50.4.k9s_Linux_amd64.tar.gz.sbom.json,0148b148ce05e7103b5da865107c8eac436611bd
derailed_k9s_release_wp59avah_derailed_k9s_release_v0.50.4.k9s_Linux_ppc64le.tar.gz.sbom.json,6712e8bd6c9ea4e68e6c6498103cfda0f5dec38a
derailed_k9s_release_u2f1pg99_derailed_k9s_release_v0.50.4.k9s_Linux_s390x.tar.gz.sbom.json,95499e19cfc16a0fd37aeb928f1cf0258eb10537
derailed_k9s_release_qbp0n1c0_derailed_k9s_release_v0.50.4.k9s_Linux_armv7.tar.gz.sbom.json,799d0538da48265c84f7731773f69d822082570c
derailed_k9s_release_0na3n81d_derailed_k9s_release_v0.50.4.k9s_Freebsd_armv7.tar.gz.sbom.json,6a033b698cf442a8592eae58c74fb782619985a6
derailed_k9s_release_u916x9ry_derailed_k9s_release_v0.50.4.k9s_Freebsd_amd64.tar.gz.sbom.json,d9658821643a4eeb4b92f16b21f93d8ee4d795d7
derailed_k9s_release_y4dtqsh8_derailed_k9s_release_v0.50.4.k9s_Darwin_arm64.tar.gz.sbom.json,2425c7bf974194fd79f57097e22f46df6fc6feb2
derailed_k9s_release_qiy7m5xj_derailed_k9s_release_v0.50.4.k9s_Darwin_amd64.tar.gz.sbom.json,608ef136c8dd51f709582b3bdf247923be4ecd14
derailed_k9s_release_garr5nsc_derailed_k9s_release_v0.50.4.k9s_Freebsd_arm64.tar.gz.sbom.json,823170e7a6c1ef2fa0c23c1cb9a5e947d924c484
derailed_k9s_release_czesxx3t_derailed_k9s_release_v0.50.4.k9s_Windows_arm64.zip.sbom.json,5189ff4ddc4ee40eb6c53bb0e0c0ecf04a86c05c
derailed_k9s_release_3cpxwygq_derailed_k9s_release_v0.50.4.k9s_Linux_arm64.tar.gz.sbom.json,fa545c51c539f56f5b64e3310bc94397a2b5cbe5
derailed_k9s_release_zl7rkfcd_derailed_k9s_release_v0.50.4.k9s_Windows_amd64.zip.sbom.json,8c21d8c7e5d02a1668cb106cdcd0bcfd0496608b
derailed_popeye_release_lq2v5haj_derailed_popeye_release_v0.22.1.popeye_freebsd_arm64.tar.gz.sbom.json,22e6e2cb5ebfdcf01529fbc9d3ff3eb7295fa265
derailed_popeye_release_e7k5mr0w_derailed_popeye_release_v0.22.1.popeye_darwin_arm64.tar.gz.sbom.json,7ac75c52eb0cdd2b421f0e5ab3dd6019512b7d35
derailed_popeye_release_g2pplic2_derailed_popeye_release_v0.22.1.popeye_linux_s390x.tar.gz.sbom.json,255b302bd16fe07172c7edd1bb1c6d46451eda29
derailed_popeye_release_tahtv88g_derailed_popeye_release_v0.22.1.popeye_linux_amd64.tar.gz.sbom.json,b613d0fb228a476193d77c0b5e6bc43710055f7c
derailed_popeye_release_w0xcs7m1_derailed_popeye_release_v0.22.1.popeye_freebsd_amd64.tar.gz.sbom.json,48ae05a076d5151352a545e98ad663fab634203e
derailed_popeye_release_9ubjspr1_derailed_popeye_release_v0.22.1.popeye_windows_amd64.tar.gz.sbom.json,b2d33a7300b7b6e1174225d0530a24ed1c04f30c
derailed_popeye_release_838wsvk1_derailed_popeye_release_v0.22.1.popeye_linux_arm64.tar.gz.sbom.json,8ac9741bb4fc8423570c233cbf27681c479fdf28
derailed_popeye_release_qds7539n_derailed_popeye_release_v0.22.1.popeye_darwin_amd64.tar.gz.sbom.json,03890d4da6165a9fc2d130eeff983a4316ce1827
derailed_popeye_release_tsoqwrnf_derailed_popeye_release_v0.22.1.popeye_windows_arm64.tar.gz.sbom.json,95e3fb4fc0dd1a53899c6496337992de26aeb1ee
derailed_popeye_release_zvk02vf2_derailed_popeye_release_v0.22.1.popeye_linux_ppc64le.tar.gz.sbom.json,f7765950ec15837a488e90f02a6789bab0313440
dgibson_dtc_f4c53f4ebf7809a07666bf728c823005e1f1a612_emhtxh7n_sbom.cdx.json,cca33c6a28d694b2b8c21d7f117ade815f9523da
dragonflyoss_Dragonfly_release_0fxx5elh_dragonflyoss_Dragonfly_release_v2.2.2-rc.0.dragonflyoss-dragonfly-manager_v2_2_2-rc_0.spdx.json,b93f1dd1ce816066c66b59c4f6b9af199ae0af1a
dragonflyoss_Dragonfly_release_6v1ppt8a_dragonflyoss_Dragonfly_release_v2.2.2-rc.0.dragonflyoss-scheduler_v2_2_2-rc_0.spdx.json,3ed04ba722b7693e1a21529068f6f8ffc1b23217
dragonflyoss_Dragonfly_release_no79jfoz_dragonflyoss_Dragonfly_release_v2.2.2-rc.0.dragonflyoss-dfdaemon_v2_2_2-rc_0.spdx.json,39944a20e5de225ad2fd8d63bcfa5d149ba8030a
dragonflyoss_Dragonfly_release_6j7stttp_dragonflyoss_Dragonfly_release_v2.2.2-rc.0.dragonflyoss-manager_v2_2_2-rc_0.spdx.json,3b6876bf6b9e0c115bca64e35475941ab87bb985
dragonflyoss_Dragonfly_release_4r4zq7ra_dragonflyoss_Dragonfly_release_v2.2.2-rc.0.dragonflyoss-dragonfly-dfdaemon_v2_2_2-rc_0.spdx.json,ea40e3af43860b72c1ee114dc08925cd7fce506c
dragonflyoss_Dragonfly_release_7usx567l_dragonflyoss_Dragonfly_release_v2.2.2-rc.0.dragonflyoss-dragonfly-scheduler_v2_2_2-rc_0.spdx.json,ce1a51314922771d0f3e5ad73203a358590f02fe
dragonwell-project_dragonwell8_release_nm21zjuq_dragonwell-project_dragonwell8_release_dragonwell-extended-8.24.23_jdk8u442-ga.Alibaba_Dragonwell_Extended_8.24.23_aarch64_linux-sbom.json,0b87fd8eafeafc6f28e3fdcce35ed702f90c41f1
dragonwell-project_dragonwell8_release_tgl2m11d_dragonwell-project_dragonwell8_release_dragonwell-extended-8.24.23_jdk8u442-ga.Alibaba_Dragonwell_Extended_8.24.23_x64_windows-sbom.json,a96cfb13ccdf1a0d963bec01c2c617b8ebb1d5d9
dragonwell-project_dragonwell8_release_3o05k0pr_dragonwell-project_dragonwell8_release_dragonwell-extended-8.24.23_jdk8u442-ga.Alibaba_Dragonwell_Extended_8.24.23_x64_linux-sbom.json,dc46a5fcb41c3a8649a197de7240a3e685a2d297
element-hq_ess-starter-edition-core_485d84a5f7d7de99053cf43a191cfaa4eeb6a986_rr85gm8e_docker.io_vectorim_ess-core-operator:2.21.1.json,01d0c04a5d1a0a3cfccf4258e4192b12a12303bb
element-hq_ess-starter-edition-core_485d84a5f7d7de99053cf43a191cfaa4eeb6a986_6x9xzt0o_docker.io_vectorim_element-web:v1.11.82.json,d25ce28909062789e4fcaa735e47f3de15fadc67
element-hq_ess-starter-edition-core_485d84a5f7d7de99053cf43a191cfaa4eeb6a986_duv3vbbd_docker.io_vectorim_ess-core-operator-conversion-webhook:2.21.1.json,cbabf61c73e2af3532d6edcbc28f17bcb766df60
element-hq_ess-starter-edition-core_485d84a5f7d7de99053cf43a191cfaa4eeb6a986_4h7nmblt_quay.io_brancz_kube-rbac-proxy:v0.18.0.json,6628439913dacb55dadcfb89e04fbd655b1ffdde
element-hq_ess-starter-edition-core_485d84a5f7d7de99053cf43a191cfaa4eeb6a986_mb02krca_docker.io_vectorim_ess-core-updater-conversion-webhook:2.21.1.json,7b20de389d54bab4f14e4c24d38e3b0594d189e2
element-hq_ess-starter-edition-core_485d84a5f7d7de99053cf43a191cfaa4eeb6a986_hnam6rk3_docker.io_library_redis:7.4-alpine.json,0d385cbf20f86e97f7b65e244a11e2a92283f55e
element-hq_ess-starter-edition-core_485d84a5f7d7de99053cf43a191cfaa4eeb6a986_1t27o2vo_docker.io_library_nginx:1.26-alpine-slim.json,d5c4724ac3f1c8c41cf200ee7e693f4137396ef2
element-hq_ess-starter-edition-core_485d84a5f7d7de99053cf43a191cfaa4eeb6a986_e6f4sxea_docker.io_library_haproxy:3.0-alpine.json,58fccab06a82e8b90cba984234f72329339045f4
element-hq_ess-starter-edition-core_485d84a5f7d7de99053cf43a191cfaa4eeb6a986_hpdbn3p0_docker.io_matrixdotorg_synapse:v1.116.0.json,a549943ef5745406fd673e89f4b897251f1c7f65
element-hq_ess-starter-edition-core_485d84a5f7d7de99053cf43a191cfaa4eeb6a986_y1hov5oe_docker.io_vectorim_ess-core-updater:2.21.1.json,91029cf8e9673b33472f56755a8aa2b251430621
elixir-lang_elixir_920a6a0a42a80317e0d297273f35a8aac42731c3_8xh9xju5_project.spdx.yml,5bee90d4e40bd3d11f841d77fbe8d4a53df1b9d0
elixir-lang_elixir_release_tlt7chp6_elixir-lang_elixir_release_main-latest.bom.cyclonedx.xml,d32ec915d3b0c00005781ecf7f2d7ccbf621b676
elixir-lang_elixir_release_ym13nes9_elixir-lang_elixir_release_main-latest.bom.spdx.json,8d58947f2bd94c4465d75e9104a891fe872754ca
elixir-lang_elixir_release_t6o2rjz0_elixir-lang_elixir_release_main-latest.bom.spdx.yml,5ee2e86ca2ba3a61f4be6627271ce238114f90d8
elixir-lang_elixir_release_eoa38vha_elixir-lang_elixir_release_main-latest.bom.cyclonedx.json,289a2ac434f983aa9b762d497aee879edaef4e07
external-secrets_external-secrets_release_an0yenim_external-secrets_external-secrets_release_v0.16.1.sbom.v0.16.1.spdx.json,bcaa2cd09d2ac438c9a8bd926d1c4bdb25ac5539
external-secrets_external-secrets_release_e6mle08r_external-secrets_external-secrets_release_v0.16.1.sbom.v0.16.1-ubi-boringssl.spdx.json,18689d06afa7a8e0c7712ecd2577dc9a35f34709
external-secrets_external-secrets_release_4ougsyn3_external-secrets_external-secrets_release_v0.16.1.sbom.v0.16.1-ubi.spdx.json,74574dda4a881230155b9149001b38a518a6fba0
facebook_sapling_release_958lxddr_sbom.spdx.json,3c0e2fbccf759831a3beebc7d617a5b45c2ce640
fission_fission_release_3uewuor4_fission_fission_release_v1.21.0.fission-bundle_1.21.0_linux_arm64.sbom.json,3b01f6b21c1e68fc2330f67c22f9747545646b80
fission_fission_release_cy67pnsz_fission_fission_release_v1.21.0.builder_1.21.0_linux_arm64.sbom.json,070e869b65e68616b10b2f31b867704d9bd0e397
fission_fission_release_1xys684z_fission_fission_release_v1.21.0.fission-bundle_1.21.0_linux_amd64.sbom.json,85dfa0db13cfad0b87a05558304c9bae5d94cbd4
fission_fission_release_nu2yrmg4_fission_fission_release_v1.21.0.fetcher_1.21.0_linux_amd64.sbom.json,225916f2e11346d6a9d03228c3aa04a8e107b13c
fission_fission_release_ib2dva58_fission_fission_release_v1.21.0.fission_1.21.0_darwin_amd64.sbom.json,d0cccbb5ce4f4e1a0123bb5e8d82359aae554af6
fission_fission_release_zh1gxe0r_fission_fission_release_v1.21.0.fission.exe_1.21.0_windows_amd64.sbom.json,1a212f4a743c5ffd3d4cbef3d40c35fe80a95b5c
fission_fission_release_czh9ddhu_fission_fission_release_v1.21.0.reporter_1.21.0_linux_arm64.sbom.json,606ab42da074e692d2589d3e04d78c29533953f4
fission_fission_release_0pag6x39_fission_fission_release_v1.21.0.builder_1.21.0_linux_amd64.sbom.json,6886330123ba8be2c5a689d25533b20872224891
fission_fission_release_6ni5tn24_fission_fission_release_v1.21.0.pre-upgrade-checks_1.21.0_linux_amd64.sbom.json,897316a2268baf7ea8ec099fef1d001d839a7b5b
fission_fission_release_h9y069xt_fission_fission_release_v1.21.0.fetcher_1.21.0_linux_arm64.sbom.json,e2d9fef284d475602112a8cc962475de9f522a6a
fission_fission_release_29vtee5x_fission_fission_release_v1.21.0.fission_1.21.0_linux_arm64.sbom.json,5dac406a6581fc267ad26ffff9088209abd4936e
fission_fission_release_gkk4dia2_fission_fission_release_v1.21.0.fission_1.21.0_darwin_arm64.sbom.json,e9fcef5cdffd7b1ea9e6cc284d8adfaba14ec24f
fission_fission_release_zr3ykabt_fission_fission_release_v1.21.0.fission_1.21.0_linux_amd64.sbom.json,6a7c8c0bca1c868afeeaf9779ca3d8e0b8eb692e
fission_fission_release_jl42zv1h_fission_fission_release_v1.21.0.reporter_1.21.0_linux_amd64.sbom.json,98a391c9e54f07529082cce619e88f1b9e273dc5
fission_fission_release_ysccreub_fission_fission_release_v1.21.0.pre-upgrade-checks_1.21.0_linux_arm64.sbom.json,210bf8b44097693a9c5fd76f756420b502a00350
fluxcd_flagger_release_j7a7qu0l_fluxcd_flagger_release_v1.41.0.flagger_1.41.0_sbom.spdx.json,64b763ed83f17f2d2c466532adae86e62b84e1b3
fluxcd_flux2_release_wowsh0zm_fluxcd_flux2_release_v2.5.1.flux_2.5.1_sbom.spdx.json,a5d3d744844efa2b51aefa1725e9ab9ba54f0a87
getsops_sops_release_ap9oupzx_getsops_sops_release_v3.10.2.sops-v3.10.2.linux.arm64.spdx.sbom.json,3c71f719f9c320e73f1575923a821c7a5d01f197
getsops_sops_release_528yee9m_getsops_sops_release_v3.10.2.sops-v3.10.2.linux.amd64.spdx.sbom.json,b2fed1c66a94bbc65fa55d05dcf50651c706f2e1
getsops_sops_release_ad8urwe3_getsops_sops_release_v3.10.2.sops-v3.10.2.darwin.spdx.sbom.json,64866307f01304b9ee05c3ff7748d512effcf79c
getsops_sops_release_gnyozo9n_getsops_sops_release_v3.10.2.sops-v3.10.2.darwin.arm64.spdx.sbom.json,06d996a970d60694c98936b49b339828fd8fca14
getsops_sops_release_pu57bp2n_getsops_sops_release_v3.10.2.sops-v3.10.2.arm64.exe.spdx.sbom.json,1489262ed47dd6fe8e23924930d63273803fadac
getsops_sops_release_u21ja8xm_getsops_sops_release_v3.10.2.sops-v3.10.2.amd64.exe.spdx.sbom.json,dfb5d0fc4aefc79cca177c899210c4b909396625
getsops_sops_release_nlr52szk_getsops_sops_release_v3.10.2.sops-v3.10.2.darwin.amd64.spdx.sbom.json,dfd38f14c94553bdd27d936134161fefccc7c703
gkontos_go-api-racon_7568e36658350e43ab418581bffe167377e43f67_wi69lyu3_golang-1.22-sbom.json,21472fffd34256b41dddd2b419cdb566ef5f989c
gleam-lang_gleam_release_ew9dezzm_gleam-lang_gleam_release_v1.10.0.gleam-v1.10.0-aarch64-apple-darwin.tar.gz.sbom.spdx.json,810690cf5e63769243b1cdee5591702811e9124a
gleam-lang_gleam_release_p1prh0yz_gleam-lang_gleam_release_v1.10.0.gleam-v1.10.0-aarch64-apple-darwin.tar.gz.sbom.cyclonedx.json,2cfead2d600db3812a8227bf433b58ef99846e81
gleam-lang_gleam_release_7snxj8ez_gleam-lang_gleam_release_v1.10.0.gleam-v1.10.0-aarch64-unknown-linux-musl.tar.gz.sbom.cyclonedx.json,03c8696622e3070acc5ac2b5b93d3b65f985ada3
gleam-lang_gleam_release_50m2g3mp_gleam-lang_gleam_release_v1.10.0.gleam-v1.10.0-x86_64-apple-darwin.tar.gz.sbom.spdx.json,375a03cb09d2142eeb6f24aa0948be9a74dd9412
gleam-lang_gleam_release_e3j24lha_gleam-lang_gleam_release_v1.10.0.gleam-v1.10.0-x86_64-apple-darwin.tar.gz.sbom.cyclonedx.json,2f77b9f2feba430c89ea022ad3509296aba2e12d
gleam-lang_gleam_release_8l6emxsr_gleam-lang_gleam_release_v1.10.0.gleam-v1.10.0-browser.tar.gz.sbom.cyclonedx.json,b107d4876ba8b8f74b05136bfd4c02b928c8612e
gleam-lang_gleam_release_xtxoade4_gleam-lang_gleam_release_v1.10.0.gleam-v1.10.0-browser.tar.gz.sbom.spdx.json,f5618295fb57d35ddc97eb81362edb3b51680a34
gleam-lang_gleam_release_cpvi5ph4_gleam-lang_gleam_release_v1.10.0.gleam-v1.10.0-x86_64-unknown-linux-musl.tar.gz.sbom.cyclonedx.json,2a711b4569c6c0ef7ca63ca4978bbbc85529239a
gleam-lang_gleam_release_l4d4ktvv_gleam-lang_gleam_release_v1.10.0.gleam-v1.10.0-aarch64-unknown-linux-musl.tar.gz.sbom.spdx.json,f571bc2cdb3fd6968e13db813fddf4d3963fdf5d
gleam-lang_gleam_release_sqovppwn_gleam-lang_gleam_release_v1.10.0.gleam-v1.10.0-x86_64-unknown-linux-musl.tar.gz.sbom.spdx.json,1cddeb53d860662ff8a490ef3bda6438220d9ede
gleam-lang_gleam_release_9zpugrv1_gleam-lang_gleam_release_v1.10.0.gleam-v1.10.0-x86_64-pc-windows-msvc.zip.sbom.cyclonedx.json,6fac93a3f8ac95e4d65275d38ed267265b1b7cb3
gleam-lang_gleam_release_txzziudz_gleam-lang_gleam_release_v1.10.0.gleam-v1.10.0-x86_64-pc-windows-msvc.zip.sbom.spdx.json,7e62ae045db47f5fab52a8adbd070a1ec953d444
gopasspw_gopass_release_ppq7hu7c_gopasspw_gopass_release_v1.15.15.gopass-1.15.15-freebsd-amd64.tar.gz.sbom.json,0e809e76fdc9701d061a226a6d7cebeb3d04966d
gopasspw_gopass_release_eyrax15u_gopasspw_gopass_release_v1.15.15.gopass-1.15.15-freebsd-arm64.tar.gz.sbom.json,73d1e3a357287cd80a555d3446ac4e870392e72d
gopasspw_gopass_release_ugexaqxk_gopasspw_gopass_release_v1.15.15.gopass-1.15.15-openbsd-armv6.tar.gz.sbom.json,888659bda4e038448f367079fe1ecb88606b12a4
gopasspw_gopass_release_yjb668un_gopasspw_gopass_release_v1.15.15.gopass-1.15.15-openbsd-armv7.tar.gz.sbom.json,8eddb8f06b3f7d5392f7d036336e881a99795a7c
gopasspw_gopass_release_dum5gv3d_gopasspw_gopass_release_v1.15.15.gopass-1.15.15-darwin-arm64.tar.gz.sbom.json,973feaa5cac3b7ebd357dc727ac1fae728d57757
gopasspw_gopass_release_gnanfg7d_gopasspw_gopass_release_v1.15.15.gopass-1.15.15-windows-armv7.zip.sbom.json,2f05e92b27bf738af16166c6e9b3d12c27ff8c65
gopasspw_gopass_release_d6fntzsf_gopasspw_gopass_release_v1.15.15.gopass-1.15.15-darwin-amd64.tar.gz.sbom.json,449c57dc70633ae19cb9b8e843ee8159f87691e6
gopasspw_gopass_release_buehomkg_gopasspw_gopass_release_v1.15.15.gopass-1.15.15-linux-amd64.tar.gz.sbom.json,1908131444bf522892a29878e136c28b488a6137
gopasspw_gopass_release_f8y2jl8h_gopasspw_gopass_release_v1.15.15.gopass-1.15.15-linux-armv7.tar.gz.sbom.json,96200f89d4592134d08291e03ae5e34771aa352b
gopasspw_gopass_release_4tow2p0h_gopasspw_gopass_release_v1.15.15.gopass-1.15.15-openbsd-amd64.tar.gz.sbom.json,8c9f0f63e2580ddab05dc64a8777c31114763d9a
gopasspw_gopass_release_ioyua7yq_gopasspw_gopass_release_v1.15.15.gopass-1.15.15-windows-arm64.zip.sbom.json,b645c026f4a4dc7e481f8005900e9147f750ba74
gopasspw_gopass_release_663bsq5t_gopasspw_gopass_release_v1.15.15.gopass-1.15.15-windows-amd64.zip.sbom.json,b800b323acdc62c72814c998dbc17cc53a256f80
gopasspw_gopass_release_teharf18_gopasspw_gopass_release_v1.15.15.gopass-1.15.15-freebsd-armv6.tar.gz.sbom.json,921af8aa35f6fb80a962c45d4adfca9311c3eab5
gopasspw_gopass_release_4hjtjxkr_gopasspw_gopass_release_v1.15.15.gopass-1.15.15-freebsd-armv7.tar.gz.sbom.json,2d70ec69badc2a7a698bdcd88c169a1c6798b0e8
gopasspw_gopass_release_mr79fydw_gopasspw_gopass_release_v1.15.15.gopass-1.15.15-linux-armv6.tar.gz.sbom.json,1bc3a33442a23fb57a4192d1aa4b43ec7c12ca18
gopasspw_gopass_release_hx1cb40m_gopasspw_gopass_release_v1.15.15.gopass-1.15.15-openbsd-arm64.tar.gz.sbom.json,cc5d073f5cf0592a76a5b35afbfe5dd5e1aacba9
gopasspw_gopass_release_j1spz9i8_gopasspw_gopass_release_v1.15.15.gopass-1.15.15-linux-arm64.tar.gz.sbom.json,da0fe550b37b1a7da144ba744761aa473e0c7b7e
gopasspw_gopass_release_m9hjpwyd_gopasspw_gopass_release_v1.15.15.gopass-1.15.15-windows-armv6.zip.sbom.json,db4ff37d5c1478c161cdaa4441d9845467b1acab
gopasspw_gopass_release_xol2zuqb_gopasspw_gopass_release_v1.15.15.gopass-1.15.15.tar.gz.sbom.json,b358104bc208bd062ca8b86fd7b6d1f725c882f8
goreleaser_goreleaser_release_nlxgqr41_goreleaser_goreleaser_release_nightly.goreleaser_Linux_i386.tar.gz.sbom.json,86f91159e35c2838424c2b90049c710e7b117e5c
goreleaser_goreleaser_release_jahtveq0_goreleaser_goreleaser_release_nightly.goreleaser_Darwin_x86_64.tar.gz.sbom.json,244c33ba9c8e3411df4c315b546b90c5e669484a
goreleaser_goreleaser_release_0w064mwy_goreleaser_goreleaser_release_nightly.goreleaser_Linux_ppc64.tar.gz.sbom.json,7fc2c846574ccd02c52e371d8fc07412da95b387
goreleaser_goreleaser_release_pbczb92q_goreleaser_goreleaser_release_nightly.goreleaser_Windows_x86_64.zip.sbom.json,ec374e5afc850df1142710a1733b858f514750eb
goreleaser_goreleaser_release_q4mewj4g_goreleaser_goreleaser_release_nightly.goreleaser_Linux_armv7.tar.gz.sbom.json,e666fc1eb9967d0b61a23caf1cd2469ae63705df
goreleaser_goreleaser_release_6ppmreed_goreleaser_goreleaser_release_nightly.goreleaser_Windows_arm64.zip.sbom.json,94c64a7a3050618cd5f3ab703485393419809a12
goreleaser_goreleaser_release_41sw4zsg_goreleaser_goreleaser_release_nightly.goreleaser_Darwin_all.tar.gz.sbom.json,5207a8846fc2c0f09318a21c3e05d2305d5acc83
goreleaser_goreleaser_release_25gqkbgl_goreleaser_goreleaser_release_nightly.goreleaser_Linux_riscv64.tar.gz.sbom.json,45a75ec3093574e39c6a3a0b3e696c728353a17f
goreleaser_goreleaser_release_v5s6ze20_goreleaser_goreleaser_release_nightly.goreleaser_Linux_arm64.tar.gz.sbom.json,a5437da88fc4eb6d805b05b3c9802eb3dc0e3754
goreleaser_goreleaser_release_6ygymepd_goreleaser_goreleaser_release_nightly.goreleaser_Linux_x86_64.tar.gz.sbom.json,7e7a14901056230ed10bc75210fb688c4da6104e
goreleaser_goreleaser_release_0frndg90_goreleaser_goreleaser_release_nightly.goreleaser_Darwin_arm64.tar.gz.sbom.json,9fabe96a777f7d6a07e76ebff2c7544372de59ce
goreleaser_goreleaser_release_lzhzv2h1_goreleaser_goreleaser_release_nightly.goreleaser_Windows_i386.zip.sbom.json,bb3d666d8ba3077d3dd740f33048e9960b20a7c4
grafana_k6_release_d65y3cld_grafana_k6_release_v0.58.0.k6-v0.58.0-spdx.json,3a3f8660eb65f83107424e4cb807d2e0804357f4
grokify_mogo_f8114a81db0df1bb9ac4566a1e93aa36933a8a83_m87tex15_SBOM.spdx.json,4315e82f230757b41c721cc5cdff7e2e65802f54
inspektor-gadget_inspektor-gadget_release_g7ca0n6k_inspektor-gadget_inspektor-gadget_release_v0.39.0.gadgetctl-windows-amd64-v0.39.0.bom.json,de941395f5f286eaab500de3c94fdeaaea7618ee
inspektor-gadget_inspektor-gadget_release_av5sbx8b_inspektor-gadget_inspektor-gadget_release_v0.39.0.kubectl-gadget-darwin-arm64-v0.39.0.bom.json,3f6e43450f9ef89e3ddebfd462d3fa992c2db11d
inspektor-gadget_inspektor-gadget_release_gquwuzhr_inspektor-gadget_inspektor-gadget_release_v0.39.0.kubectl-gadget-linux-arm64-v0.39.0.bom.json,b46a780b5fed6e5e1e460fa716cbbede706b488a
inspektor-gadget_inspektor-gadget_release_ze6zdyog_inspektor-gadget_inspektor-gadget_release_v0.39.0.kubectl-gadget-windows-amd64-v0.39.0.bom.json,13ce77a1812794241d84dd7ec6260736fb82a258
inspektor-gadget_inspektor-gadget_release_tnvddtxp_inspektor-gadget_inspektor-gadget_release_v0.39.0.gadgetctl-darwin-amd64-v0.39.0.bom.json,df774f15468222ba0d46e26e869c9e36c864be70
inspektor-gadget_inspektor-gadget_release_v9v6goew_inspektor-gadget_inspektor-gadget_release_v0.39.0.gadgetctl-linux-arm64-v0.39.0.bom.json,66a10c6cab40b462d23d75f29ffc747ff5547bf9
inspektor-gadget_inspektor-gadget_release_e1a7k6dk_inspektor-gadget_inspektor-gadget_release_v0.39.0.kubectl-gadget-linux-amd64-v0.39.0.bom.json,0715155451684e82ec39e4015f4f305544193cf6
inspektor-gadget_inspektor-gadget_release_wywbc138_inspektor-gadget_inspektor-gadget_release_v0.39.0.gadgetctl-linux-amd64-v0.39.0.bom.json,2aa55d5f080cb96fe7bf4c1a3ecb2c09832c407d
inspektor-gadget_inspektor-gadget_release_vk5qvarj_inspektor-gadget_inspektor-gadget_release_v0.39.0.gadgetctl-darwin-arm64-v0.39.0.bom.json,eb24692b30166d61d1a7fbc7356d86ca347523ba
inspektor-gadget_inspektor-gadget_release_4c4hf83h_inspektor-gadget_inspektor-gadget_release_v0.39.0.ig-linux-arm64-v0.39.0.bom.json,89198b2e82a0d946674638bdee79e543f8cc6cce
inspektor-gadget_inspektor-gadget_release_0jxrcerf_inspektor-gadget_inspektor-gadget_release_v0.39.0.kubectl-gadget-darwin-amd64-v0.39.0.bom.json,bde7f8af2c50062f75c357967d0551f3f735b7f2
inspektor-gadget_inspektor-gadget_release_yr6ps7c5_inspektor-gadget_inspektor-gadget_release_v0.39.0.ig-linux-amd64-v0.39.0.bom.json,a89a399eeab60a0f8bfbc174999787a368ea82e2
intel_cve-bin-tool_e36aabe9781b0bf07ee50d23d0f01d332060b609_lt2oyhcg_cve-bin-tool-py3.12.spdx,1646d903e159457cb7d45d9b3d776b87185a4702
intel_cve-bin-tool_e36aabe9781b0bf07ee50d23d0f01d332060b609_zvu0hmt8_cve-bin-tool-py3.13.json,4d0977b21db20f0ca74ecdfc339440661d19bf8e
intel_cve-bin-tool_e36aabe9781b0bf07ee50d23d0f01d332060b609_bg80cnjg_cve-bin-tool-py3.9.spdx,5226307a737533ce9ccaf4e1a945bac4fb6ac198
intel_cve-bin-tool_e36aabe9781b0bf07ee50d23d0f01d332060b609_u083xfyf_cve-bin-tool-py3.10.json,1c687c7b0f5314e03cb41b36503c3dd500264886
intel_cve-bin-tool_e36aabe9781b0bf07ee50d23d0f01d332060b609_6j5o4ovg_cve-bin-tool-py3.7.json,640a3bb7df6ac1ca31269c057c6d95af7477c446
intel_cve-bin-tool_e36aabe9781b0bf07ee50d23d0f01d332060b609_ujuhc6d0_cve-bin-tool-py3.7.spdx,efce0cfa4c2ef7153c37a423a784682f525cf335
intel_cve-bin-tool_e36aabe9781b0bf07ee50d23d0f01d332060b609_cc62ld8c_cve-bin-tool-py3.13.spdx,b52e7c98bf971fbde840d0d232baafbe2fcd2a8e
intel_cve-bin-tool_e36aabe9781b0bf07ee50d23d0f01d332060b609_uics6rsa_cve-bin-tool-py3.12.json,8ace389cb4ec4c5d144599701a01b170fb394a48
intel_cve-bin-tool_e36aabe9781b0bf07ee50d23d0f01d332060b609_yvxap8ng_cve-bin-tool-py3.11.spdx,12e02596c2c2724f4f72ed599a3eaad75c886781
intel_cve-bin-tool_e36aabe9781b0bf07ee50d23d0f01d332060b609_26cgm1v1_cve-bin-tool-py3.8.spdx,4dcd8823da0a52fb036e7b44ae74d0ea2c24a0d6
intel_cve-bin-tool_e36aabe9781b0bf07ee50d23d0f01d332060b609_97h1kcr9_cve-bin-tool-py3.11.json,3af95aa43902a753ddedc29333fd449dd722a124
intel_cve-bin-tool_e36aabe9781b0bf07ee50d23d0f01d332060b609_593nsnid_cve-bin-tool-py3.10.spdx,9c904b18e8f58ec1393f49398d26cd8cc71b497d
intel_cve-bin-tool_e36aabe9781b0bf07ee50d23d0f01d332060b609_fk61rxtn_cve-bin-tool-py3.9.json,b1c1a2d3937c50029b21d802651f33d8883dc163
intel_cve-bin-tool_e36aabe9781b0bf07ee50d23d0f01d332060b609_cq2et3f2_cve-bin-tool-py3.8.json,5f1891dafef36539427292b8fd111987a0d2f76b
intel_dffml_d19fe776e8b81bdd4db88e69246ee87409f0adbe_8qnt87ki_dffml-py3.12.spdx,6131258ce0b8d965d5fa637a44858272c78ae08f
intel_dffml_d19fe776e8b81bdd4db88e69246ee87409f0adbe_9ws4wunf_dffml-py3.12.json,9152dd811d8f3081a47b751dcba7a40fe87a5957
istio_istio_release_voatk17b_istio_istio_release_1.26.0-beta.0.istio-source.spdx,f58f3da73cf173837e0326fe38d009760af558f8
istio_istio_release_6f399gz0_istio_istio_release_1.26.0-beta.0.istio-release.spdx,99f49b5fdb83de685baa83208f11713a090ae2db
jaegertracing_jaeger_release_u9pi9zr9_jaegertracing_jaeger_release_v1.68.0.jaeger-SBOM.spdx.json,3e88615ad78991946d98993f5440817a26a75a2e
jenkins-x_jx_release_4wfnhgn8_jenkins-x_jx_release_v3.11.78.jx-darwin-amd64.tar.gz.sbom.json,d528c2d9b162fe29b62d3ba29dc2c64f9f1b291b
jenkins-x_jx_release_eh1reyyv_jenkins-x_jx_release_v3.11.78.jx-linux-amd64.tar.gz.sbom.json,5ba5ce6d4881813a8efcfb1a2778eb108ae87aea
jenkins-x_jx_release_pcpy01zi_jenkins-x_jx_release_v3.11.78.jx-windows-amd64.zip.sbom.json,691d98e000a6a8836df0bf42f58eba36edd57d3e
jenkins-x_jx_release_qbdlvs3u_jenkins-x_jx_release_v3.11.78.jx-darwin-arm64.tar.gz.sbom.json,500ec6384c80bf0fd2623ffa7fc5278a17579d2c
jenkins-x_jx_release_g5fsekra_jenkins-x_jx_release_v3.11.78.jx-linux-arm64.tar.gz.sbom.json,151f7e272ff29109e7ae2a6bd0d6457096e221e7
joeferner_redis-commander_9bfb956d3a196641c43a5bc04ed25f89198dcf50_j7mshfdn_sbom.json,24400b488622e650c8b77e444c6781204b30133f
juice-shop_juice-shop_release_quw99w04_bom.json,af1c973344fa25f8e6a844d3477265afb6d943f0
juice-shop_juice-shop_release_16ijex9o_bom.xml,53a55301456e3fce03fef738fe6f05397daa5a2b
juice-shop_juice-shop_release_i7ueeziq_bom.json,41a44eaae7e7be088a21ab07310698634807dab7
juice-shop_juice-shop_release_xmseneu0_bom.xml,b2d7c62dcede9f90932e6ae4e87e1c13efa37688
jwoehr_qisjob_1f84e1024c1bcec9ba91e48e3b98e10fbc380179_ue23tn4f_SBOM_qisjob_jwoehr_9ff8bbf3b18b3bd3c3acc3e56f50ceeef7dcdf87.json,ecc61b3c13323de1ac67d6168d61648f46535e1f
k8sgpt-ai_k8sgpt_release_466vfunv_k8sgpt-ai_k8sgpt_release_v0.4.12.k8sgpt_Linux_i386.tar.gz.sbom.json,63c5efe0e5637322a805712593ad9079e22d4151
k8sgpt-ai_k8sgpt_release_0hjshl9q_k8sgpt-ai_k8sgpt_release_v0.4.12.k8sgpt_Windows_arm64.zip.sbom.json,860b73e3de95eac85554a4a74ba13ddb550f5c82
k8sgpt-ai_k8sgpt_release_u34z5ufn_k8sgpt-ai_k8sgpt_release_v0.4.12.sbom-k8sgpt.spdx.json,685243a3f1af70b68d82c01214e30252418f7b9b
k8sgpt-ai_k8sgpt_release_mrktbn6n_k8sgpt-ai_k8sgpt_release_v0.4.12.k8sgpt_Darwin_x86_64.tar.gz.sbom.json,67e156e39ca4931bd205f3d292dcb90fef289363
k8sgpt-ai_k8sgpt_release_9z1f19di_k8sgpt-ai_k8sgpt_release_v0.4.12.k8sgpt_Darwin_arm64.tar.gz.sbom.json,238a68eb206a105fef86b7aabf85c194c51e13f8
k8sgpt-ai_k8sgpt_release_n1j3js2j_k8sgpt-ai_k8sgpt_release_v0.4.12.k8sgpt_Linux_x86_64.tar.gz.sbom.json,622ddbd7b884e6083b882eecd62f94e44e35a9d0
k8sgpt-ai_k8sgpt_release_15xp4i7b_k8sgpt-ai_k8sgpt_release_v0.4.12.k8sgpt_Linux_arm64.tar.gz.sbom.json,bc2d4d27de65d6c427212af23a06274663869372
k8sgpt-ai_k8sgpt_release_pj1ux7ly_k8sgpt-ai_k8sgpt_release_v0.4.12.k8sgpt_Windows_x86_64.zip.sbom.json,75044db53ea7fff1988f3aeb7dd4d0c711815429
k8sgpt-ai_k8sgpt_release_u92lvilw_k8sgpt-ai_k8sgpt_release_v0.4.12.k8sgpt_Windows_i386.zip.sbom.json,a71a45d84930efe27ca242e10a350714b8891e16
karmada-io_karmada_release_lw4ur6zo_sbom-karmada.spdx,aabc2a2d563d6e69829f27879d2fcff28aec2a00
kernkonzept_fiasco_9d69012d16c226064764bde6a6680d5feb3207d2_n3v3ffty_LICENSE.spdx,d659b6415e471a84b691083a43c009e947482108
kkos_oniguruma_09604e72328401a28aab08020b13ffc5ac828833_c7kk8dsj_sbom.cdx.json,60ef5c726ac0a81f27af9f53551ea1cfc91c58d8
kontent-ai_delivery-sdk-net_92b1e702220b7d407e99b3ec8b6453f921bf04e5_npzt5ggf_bom.xml,20248622951246dde8fc69c870ccadfcf9af8f58
krol3_workshop-cloud-native-security_dcfee27778b6d6d079bc302a0e30388fa5e3db9a_gkv3a63g_alpine.sbom,f8eaab1c67a86fe04504e1dae95eb8aa942dbc83
kubernetes-sigs_kubebuilder_release_ro2vfo8u_kubernetes-sigs_kubebuilder_release_v4.5.2.kubebuilder_4.5.2_darwin_amd64.cyclonedx.sbom.json,0343fbbc021acf27560fd7ee613b837ef983d5d6
kubernetes-sigs_kubebuilder_release_43rjikm4_kubernetes-sigs_kubebuilder_release_v4.5.2.kubebuilder_4.5.2_linux_ppc64le.cyclonedx.sbom.json,2fc13b11358bf830289be538681b6c9f1a4d5b00
kubernetes-sigs_kubebuilder_release_pme4tc39_kubernetes-sigs_kubebuilder_release_v4.5.2.kubebuilder_4.5.2_linux_amd64.cyclonedx.sbom.json,e7101018d0db394862aced07e0c11032a3f354f1
kubernetes-sigs_kubebuilder_release_bb6s6808_kubernetes-sigs_kubebuilder_release_v4.5.2.kubebuilder_4.5.2_darwin_arm64.cyclonedx.sbom.json,f926f69f7e27c36c8b3f1f615f54ddaca4352fb9
kubernetes-sigs_kubebuilder_release_swxlk8xa_kubernetes-sigs_kubebuilder_release_v4.5.2.kubebuilder_4.5.2_linux_s390x.cyclonedx.sbom.json,8a626eee4fc007ee228fac82187d7936d1da5093
kubernetes-sigs_kubebuilder_release_emrev5bn_kubernetes-sigs_kubebuilder_release_v4.5.2.kubebuilder_4.5.2_linux_arm64.cyclonedx.sbom.json,60b16c795f5f751ad58f822902bf69a22a2847c7
kubernetes_kube-state-metrics_release_3s13onl2_kubernetes_kube-state-metrics_release_v2.15.0.sbom.spdx,bedf483278f9b66525d5ac2ae4b821627d2037b1
kubernetes_minikube_release_f5jawowh_kubernetes_minikube_release_v1.35.0.minikube_v1.35.0_sbom.spdx,40d93a8dfc15d457d074678976185c5cb1973414
kyndryl-open-source_hashi-vault-js_7410731afad44d5167d82f579ae70b921c203f63_7khqm519_manifest.spdx.json,01e17e84ca1d6397f6a721a7d559f8adafe29335
latchset_pkcs11-provider_c8abb3496b312533824db24f0d2337788d074264_9yb71215_sbom.cdx.json,3314bee6edb1748d7bb8a83dbb96ae7e0c706713
latchset_pkcs11-provider_release_d6seh27g_sbom.cdx.json,3314bee6edb1748d7bb8a83dbb96ae7e0c706713
latiotech_insecure-kubernetes-deployments_78d95adfd6ca0599609815b5586aa83a277af3f5_cgqs1cdp_bom.json,897e145590e85ad95457e58f253aed03264c5f4e
lensesio_stream-reactor_release_dne31grd_kafka-connect-azure-eventhubs-8.1.32.sbom.spdx.json,e5559f2dd19d691fcc2f69f0d9f143d0c5c79e54
lensesio_stream-reactor_release_958bcy13_kafka-connect-azure-documentdb-8.1.32.sbom.spdx.json,3b510f0bb23912adaf4fbfa4c0d9195844909624
lensesio_stream-reactor_release_m7fnlxlx_kafka-connect-azure-servicebus-8.1.32.sbom.spdx.json,95a1057beb3abd9cf1d3dec5ceda6711f778ea2d
lensesio_stream-reactor_release_gjnpc8qz_kafka-connect-gcp-pubsub-8.1.32.sbom.spdx.json,1f403898fd53adadc905c1112c443b20690ae803
lensesio_stream-reactor_release_uvdqmwk4_kafka-connect-mongodb-8.1.32.sbom.spdx.json,169e704f371086fc4a78dcf6021db466d1ddd8d0
lensesio_stream-reactor_release_m2fcj1jt_kafka-connect-cassandra-8.1.32.sbom.spdx.json,bfd39160416fb5e03abb8e6e0346a548c8c8535f
lensesio_stream-reactor_release_ad6xfpkg_kafka-connect-http-8.1.32.sbom.spdx.json,902099d8203962345a269d27bdd699edaa1f6477
lensesio_stream-reactor_release_544s075v_kafka-connect-ftp-8.1.32.sbom.spdx.json,c1ced5431d05b7412841dbe6d0081f27497c1e12
lensesio_stream-reactor_release_ep1yp01o_kafka-connect-gcp-storage-8.1.32.sbom.spdx.json,13e3271fe5aeebde0e21bd36070b67c6f7e47006
lensesio_stream-reactor_release_v6mi3ank_kafka-connect-redis-8.1.32.sbom.spdx.json,f265e848489f5aa679498dda12df5d18d6f9dd47
lensesio_stream-reactor_release_n7jalxdj_kafka-connect-influxdb-8.1.32.sbom.spdx.json,f0d129ef6739aac152c982d0001e8af9c1368e88
mattermost_mattermost_release_up3y3b8n_mattermost_mattermost_release_v10.6.2.sbom-mattermost-v10.6.2.json,6a09c41159eeb1637333541762e279667975edd8
mbta_mobile_app_7b504a486952b601c93d240212fc2f07f3554a44_gxinc18q_bom-ios-kotlin-stdlib.xml,6b14b683e42a792eeebf7ee39be2937cb538a68f
microsoft_GHAzDO-Resources_ae907417790efec55cb3b2f1cce0139f4c32e174_6l24id90_manifest.spdx.json,ad7ce84f923be062ceaaa4a46ccce5f4901715e8
microsoft_sbom-tool_release_fmvjoqai_microsoft_sbom-tool_release_v3.1.0.linux-x64-manifest.spdx.json,a5c4043975fa1b4a9d78e6c09cb0f064f4b4c8da
microsoft_sbom-tool_release_tfpeukma_microsoft_sbom-tool_release_v3.1.0.win-x64-manifest.spdx.json,e18382859cc8dd833d35a2763ef64a7c49b36400
microsoft_sbom-tool_release_pt3yq0ox_microsoft_sbom-tool_release_v3.1.0.osx-x64-manifest.spdx.json,eadca8a9930d0c7eecc8e6188a292f1225996eee
mongodb-js_zstd_f74a95f68b7a9fab41842752fda5c472aa156c17_4dfblppc_sbom.json,ae51c672b9589a8cd3d0ab439ed62b900a065c5a
mongodb_libmongocrypt_release_9ydsre6m_mongodb_libmongocrypt_release_1.13.2.cyclonedx.augmented.sbom.json,97b68d4e804f7704c1f36d961715db3ac44ee292
mongodb_libmongocrypt_5bd7370e4386ee45765dc18552783591338e0e95_24lwx03r_cyclonedx.sbom.json,4a5bfbf77e080bb522392a07d4a79ee7ea131be7
mongodb_libmongocrypt_5bd7370e4386ee45765dc18552783591338e0e95_nezoehm6_sbom.json,585b055ae260e20f9d79983acd568cca2e8be164
mongodb_mongo_0129130f6a9bb732e0458dc22f03731380da26bd_4kvw16o0_sbom.json,1be664ee6aa8b57f108c45b40cba46de628ed2e8
mongodb_mongo-c-driver_release_sdpqjamo_cyclonedx.sbom.json,1dabc3da1f55685d066a0d8888091944d1a82ce3
mongodb_mongo-c-driver_release_szwpn91i_cyclonedx.sbom.json,1dabc3da1f55685d066a0d8888091944d1a82ce3
mongodb_mongo-c-driver_d88ee738990607aa6a3e4220c5b1ee324d649997_lczwavut_cyclonedx.sbom.json,267379295ac4ba6194b146fbb59ee6f3fc2ab6e1
mongodb_mongo-csharp-driver_a6f84f22668fde41d71c223c41a13cb7b37a068e_d9jcv3t8_sbom.json,eaa1b4649dd13aea6f3bba0f2c8be0092d9f7b1b
mongodb_mongo-cxx-driver_14e3f0dfbe29aef131ba849d13480ea4bf11b3ca_ew042dto_cyclonedx.sbom.json,514314bb920c87763b37d0fbad638004b139dc25
mongodb_mongo-cxx-driver_release_jabdn3yh_cyclonedx.sbom.json,e10bd0bbebcfd482f5e59e5621837b998e301775
mongodb_mongo-cxx-driver_release_vm66m7jo_augmented.sbom.json,e10bd0bbebcfd482f5e59e5621837b998e301775
mongodb_mongo-cxx-driver_14e3f0dfbe29aef131ba849d13480ea4bf11b3ca_xygq5lbu_augmented.sbom.json,514314bb920c87763b37d0fbad638004b139dc25
mongodb_mongo-php-driver_d3a079fb4d6f9173a0c81c0d0250d1304e0292a3_7qxr0dov_sbom.json,81fd49b5c114330bb7331ad00785cb29f936574b
mongodb_mongo-php-driver_release_v3uo2df0_mongodb_mongo-php-driver_release_2.0.0.cyclonedx.sbom.json,e4b07ec99a886f01c37b43c9601777520c43236a
mongodb_mongo-tools_7214f6ac044b72ec785d92a48d64bbc291622baf_uddqc3wi_cyclonedx.sbom.json,73a7d5d816397caaa7f8a1151b2aeac1bf01c927
mongodb_mongo-tools_7214f6ac044b72ec785d92a48d64bbc291622baf_ye3oim7u_100.12.0.bom.json,48bb20f26c82fa2e4cc4d78511da9a8eb880f588
mongodb_mongo-tools_7214f6ac044b72ec785d92a48d64bbc291622baf_i04zi73g_100.11.0.bom.json,bb72603d6b2de75f8fdbaa7721459e8a301e1f5a
mongodb_mongo-tools_7214f6ac044b72ec785d92a48d64bbc291622baf_qa1izewk_100.10.0.bom.json,e5ccd8a99a0a62456d35e290ff072ac557e1862e
mongodb_mongo-tools_7214f6ac044b72ec785d92a48d64bbc291622baf_4ogmat1e_100.9.5.bom.json,a1f0dbe023aa196fb59df8487cf383af4fadbf99
mongodb_mongodb-atlas-kubernetes_5a4acbfc344d805a6de8d228f563eb9122751e02_4xh8pk3l_linux_amd64.sbom.json,62f3f7daa91dcb0f00f4561b416d6b1bbb9e6120
mongodb_mongodb-atlas-kubernetes_5a4acbfc344d805a6de8d228f563eb9122751e02_7aws91bv_linux_arm64.sbom.json,cf5f7e107b7eb4e46c8a1e7a5106789dc39f9770
mongodb_mongodb-atlas-kubernetes_5a4acbfc344d805a6de8d228f563eb9122751e02_0do3mcy8_linux_amd64.sbom.json,e7ffc91ea2f8aaaa3e0fc82784e151488dc55cd6
mongodb_mongodb-atlas-kubernetes_5a4acbfc344d805a6de8d228f563eb9122751e02_anye91u9_linux_arm64.sbom.json,896686494fa262302e13e6962c282bbc730d264f
mongodb_mongodb-atlas-kubernetes_5a4acbfc344d805a6de8d228f563eb9122751e02_bz00u7fb_linux-amd64.sbom.json,2f8e17ae68d137c67c0c1af3c891aedf669f6cd5
mongodb_mongodb-atlas-kubernetes_5a4acbfc344d805a6de8d228f563eb9122751e02_z7rvlyz7_linux-arm64.sbom.json,36ca63a1b29ceee72a5a85f3ea97990e443538df
mongodb_mongodb-atlas-kubernetes_5a4acbfc344d805a6de8d228f563eb9122751e02_lu5000h6_linux_amd64.sbom.json,51d05c160e465ab2cd65c08306a48ed97bfc05ad
mongodb_mongodb-atlas-kubernetes_5a4acbfc344d805a6de8d228f563eb9122751e02_0tf7jzpp_linux_arm64.sbom.json,81f4c1aded1b4b14f5831c0aa7513b2a850d2aeb
mongodb_mongodb-atlas-kubernetes_5a4acbfc344d805a6de8d228f563eb9122751e02_s9936yp5_linux-amd64.sbom.json,ec120c0f8f67f7ed94945d9428e52783fa101b4d
mongodb_mongodb-atlas-kubernetes_5a4acbfc344d805a6de8d228f563eb9122751e02_xe25zpev_linux-arm64.sbom.json,31bc5bd7b1858a6d2fe1a72c5001c4a64e57048f
mongodb_mongodb-atlas-kubernetes_5a4acbfc344d805a6de8d228f563eb9122751e02_itj3a8nb_linux_amd64.sbom.json,6ed12909ee96347e58327f51880b7e369725dd99
mongodb_mongodb-atlas-kubernetes_5a4acbfc344d805a6de8d228f563eb9122751e02_82bizwe0_linux_arm64.sbom.json,ae40beff7e161bf8493327ee4bb0946ce9bf8a1a
mongodb_mongodb-atlas-kubernetes_5a4acbfc344d805a6de8d228f563eb9122751e02_45hgd2nw_linux_amd64.sbom.json,d1da59560e17c7ac0f1293cef4bc78cf7326c6b7
mongodb_mongodb-atlas-kubernetes_5a4acbfc344d805a6de8d228f563eb9122751e02_377vuv5x_linux_arm64.sbom.json,d779e893efd0413dfac97e4172b48f469a5ec200
mongodb_mongodb-atlas-kubernetes_5a4acbfc344d805a6de8d228f563eb9122751e02_0xk7o6ad_linux_amd64.sbom.json,a38bb1f58b1be5b768a42cc6f9fca924d84d134a
mongodb_mongodb-atlas-kubernetes_5a4acbfc344d805a6de8d228f563eb9122751e02_406x8ahz_linux_arm64.sbom.json,8b9facfd1d6584e5eb469d86c889bd2d3955234b
mongodb_mongodb-atlas-kubernetes_5a4acbfc344d805a6de8d228f563eb9122751e02_cj8bzvuf_linux_amd64.sbom.json,039d5842715a21e896fc3b4f246f6cf681c1a36c
mongodb_mongodb-atlas-kubernetes_5a4acbfc344d805a6de8d228f563eb9122751e02_c59b2zgd_linux_arm64.sbom.json,9b60ac67d29a2a39a5206ba9b79b784075b657c1
mongodb_mongodb-atlas-kubernetes_5a4acbfc344d805a6de8d228f563eb9122751e02_1wiqpddg_linux_amd64.sbom.json,48945f0d2c83c03b1de34ad3b98c4849d5dce3a7
mongodb_mongodb-atlas-kubernetes_5a4acbfc344d805a6de8d228f563eb9122751e02_5pwneexp_linux_arm64.sbom.json,b513207ca5639eed72191298f00c1c217c8aaa67
mongodb_mongodb-atlas-kubernetes_5a4acbfc344d805a6de8d228f563eb9122751e02_16wwl67t_linux_amd64.sbom.json,d980f59e5e9dd9ee0e34f8c178a716f607a31afc
mongodb_mongodb-atlas-kubernetes_5a4acbfc344d805a6de8d228f563eb9122751e02_d961sa6g_linux_arm64.sbom.json,08ec624042c08788ea45a124cd3aed9044b897dd
mongodb_mongodb-atlas-kubernetes_5a4acbfc344d805a6de8d228f563eb9122751e02_mcknpz71_linux_amd64.sbom.json,b0385c47a4141c3ee8aaf85141749e70f7c16b2c
mongodb_mongodb-atlas-kubernetes_5a4acbfc344d805a6de8d228f563eb9122751e02_401b3d9j_linux_arm64.sbom.json,55a896222a95764dbe5dbcf0220f4a1bbd770f41
msys2_MINGW-packages_release_qqnrnu89_msys2_MINGW-packages_release_srcinfo-cache.sbom.cdx.json,21480ced46d678ddac821133ccc051f30a0b7cf3
msys2_MINGW-packages_release_we22a6ib_msys2_MINGW-packages_release_srcinfo-cache.sbom.vuln.cdx.json,813932c8a4b93afaef319c2ca93603fbc7f6c791
msys2_MSYS2-packages_release_btj9er9m_msys2_MSYS2-packages_release_srcinfo-cache.sbom.cdx.json,4335c66099976add7139e946b1af2be08ba132af
msys2_MSYS2-packages_release_mahxi68c_msys2_MSYS2-packages_release_srcinfo-cache.sbom.vuln.cdx.json,1af030d4b7fdc8bf95de1786b164f28f8d2a2a8a
nats-io_nats-server_release_gl9d2r12_nats-io_nats-server_release_v2.11.2-RC.1.nats-server-v2.11.2-RC.1-linux-386.sbom.spdx.json,4c776cf361fb9dd49e55c721df0cf968c6f085e8
nats-io_nats-server_release_83906gim_nats-io_nats-server_release_v2.11.2-RC.1.nats-server-v2.11.2-RC.1-darwin-amd64.sbom.spdx.json,0d67ac5b65ca355dfef0382958b85ae9fd2174a7
nats-io_nats-server_release_z2dttu9s_nats-io_nats-server_release_v2.11.2-RC.1.nats-server-v2.11.2-RC.1-linux-ppc64le.sbom.spdx.json,8c41405595f9cb37847935ac8b52bab194821b8b
nats-io_nats-server_release_mte8z3hj_nats-io_nats-server_release_v2.11.2-RC.1.nats-server-v2.11.2-RC.1-freebsd-amd64.sbom.spdx.json,f5c9b31e41a71deb6135267181441cbaebf35b5f
nats-io_nats-server_release_iwztk09i_nats-io_nats-server_release_v2.11.2-RC.1.nats-server-v2.11.2-RC.1-linux-amd64.sbom.spdx.json,e97a532949e1e45c967e3b6fa0dc4d3398dc0d92
nats-io_nats-server_release_hxiko5cm_nats-io_nats-server_release_v2.11.2-RC.1.nats-server-v2.11.2-RC.1-windows-arm64.sbom.spdx.json,dabc4ecaea6f3190d82bd559e9ede596576c49b5
nats-io_nats-server_release_mxyivxcp_nats-io_nats-server_release_v2.11.2-RC.1.nats-server-v2.11.2-RC.1-darwin-arm64.sbom.spdx.json,311393cb1ee1951861ef715c29aa54d09bec85ab
nats-io_nats-server_release_r1y46avi_nats-io_nats-server_release_v2.11.2-RC.1.nats-server-v2.11.2-RC.1-linux-arm6.sbom.spdx.json,c130d6b2524ce22f2442c4b2dc49893ab797a365
nats-io_nats-server_release_h0sqgkyy_nats-io_nats-server_release_v2.11.2-RC.1.nats-server-v2.11.2-RC.1-windows-amd64.sbom.spdx.json,bc17f8318f5df37b15d0e3b202e19a8402c3a2fd
nats-io_nats-server_release_35xcnscp_nats-io_nats-server_release_v2.11.2-RC.1.nats-server-v2.11.2-RC.1-linux-arm7.sbom.spdx.json,81d76056d3205a31d6580de900935509f6c37977
nats-io_nats-server_release_bwde62mw_nats-io_nats-server_release_v2.11.2-RC.1.nats-server-v2.11.2-RC.1-windows-386.sbom.spdx.json,ce0632d15bd5801bd57ca861711a63db6b1c163b
nats-io_nats-server_release_isu8ybg7_nats-io_nats-server_release_v2.11.2-RC.1.nats-server-v2.11.2-RC.1-windows-arm7.sbom.spdx.json,647147f702a0be6dec91716273d97a13bb89b35b
nats-io_nats-server_release_3mrrrbcc_nats-io_nats-server_release_v2.11.2-RC.1.nats-server-v2.11.2-RC.1-linux-mips64le.sbom.spdx.json,265698869da1328e2c5f815bc23ddb5a6a996a58
nats-io_nats-server_release_l5i6grwi_nats-io_nats-server_release_v2.11.2-RC.1.nats-server-v2.11.2-RC.1-linux-s390x.sbom.spdx.json,6c3634ace13cb61a1c9716327be40953b4ecec7b
nats-io_nats-server_release_npb7w3tf_nats-io_nats-server_release_v2.11.2-RC.1.nats-server-v2.11.2-RC.1-linux-arm64.sbom.spdx.json,3ece656b87c09edf225c827a9323a3d81a7ff17c
nats-io_nats-server_release_sdgklrai_nats-io_nats-server_release_v2.11.2-RC.1.nats-server-v2.11.2-RC.1-windows-arm6.sbom.spdx.json,0ead66ee421c638409be245ec62f1159d383e94c
nginxinc_kubernetes-ingress_release_8ri30s08_nginxinc_kubernetes-ingress_release_v5.0.0.kubernetes-ingress_5.0.0_linux_arm64_v8.0.tar.gz.spdx.json,1eaf703d915e79b43be0447b2b65b6158ac9a8aa
nginxinc_kubernetes-ingress_release_66pcgk95_nginxinc_kubernetes-ingress_release_v5.0.0.kubernetes-ingress_5.0.0_linux_amd64.tar.gz.spdx.json,a95b5afa15591cf7dbea347da20661eebf150243
nginxinc_kubernetes-ingress_release_uv1nwvxm_nginxinc_kubernetes-ingress_release_v5.0.0.kubernetes-ingress_5.0.0_linux_ppc64le_power8.tar.gz.spdx.json,e5e98e871e2368289d504aceae60a1447051ead6
nginxinc_kubernetes-ingress_release_bighwub9_nginxinc_kubernetes-ingress_release_v5.0.0.kubernetes-ingress_5.0.0_linux_s390x.tar.gz.spdx.json,d3fcb9ae705255291674e03207581165ce463d2f
nginxinc_kubernetes-ingress_release_e3jn0668_nginxinc_kubernetes-ingress_release_v5.0.0.kubernetes-ingress_5.0.0_linux_arm_7.tar.gz.spdx.json,d27c7bbee072f5fa52c635b6c115d7b2ac750474
nodecross_nodex_f13765bc40afabd41c2910c6d1393fb47c4d3634_k1swu56d_sbom-nodex.spdx,bc2f00b7283e67f41634fd954b15f8fc98c5684e
notofonts_noto-cjk_f8d157532fbfaeda587e826d4cd5b21a49186f7c_igl8lzut_manifest.spdx.json,3d2f2a437bc02d0e1505964e0f95e659e86b167b
nxp-mcuxpresso_spsdk_b92dcb09b8b3c2bcc32daf6cd6a8b7f1289337e9_gxvnp0el_SBOM-spsdk.spdx.json,56dfc2fe9e7842cc9a6fc744b23407aabf745b6d
open-quantum-safe_liboqs_23360d41bed64081a2edb6037e3baceb4a2dc0c9_9ps5fs9u_cbom.json,77f5993c09958f9eb9bb7954542088a2a6e6f337
open-quantum-safe_oqs-provider_79f23c69b8ed1c788cdaa40d2b7687e1294babd6_w4tyuw97_sbom.cdx.json,de5cc1a3429e501c5bd5d351d58f1defeea17411
openobserve_openobserve_5316e4996c8580887db2ded4a723590258dac633_n6rbt522_bom.json,bd4e2f232619255bf9492b776da7b9c8302b28e5
openobserve_openobserve_5316e4996c8580887db2ded4a723590258dac633_a0w4arkg_openobserve.cdx.xml,1dbfd1ad9409b6a86098157effe3885853f0ba4f
openobserve_openobserve_5316e4996c8580887db2ded4a723590258dac633_ayronj6m_sbom.json,b0ab65b5043dfd0ae2ec3012c3b95273004a0c4d
openobserve_openobserve_5316e4996c8580887db2ded4a723590258dac633_d2s3c4cy_config.cdx.xml,3f6b0c52968943d0be4ad2d8812058aaab071fac
openobserve_openobserve_5316e4996c8580887db2ded4a723590258dac633_xu9h18mg_infra.cdx.xml,062b931f882dab135680ea65984eabbdc66647d2
openobserve_openobserve_5316e4996c8580887db2ded4a723590258dac633_gvgakdbs_wal.cdx.xml,5a7e36f4e21414becf2953cf36c88cfec481c89a
openobserve_openobserve_5316e4996c8580887db2ded4a723590258dac633_3gydi8pv_ingester.cdx.xml,c89de7b5200259648f6e432769d16b7fadde345e
openobserve_openobserve_5316e4996c8580887db2ded4a723590258dac633_t0lbu763_proto.cdx.xml,0cc1d8fa2d68206e26afd729682c826d21dafe8e
openssl_openssl_871182d29dc24bbb51ff7a4d952ff9d9868f14b5_5cmqrqxg_sbom.cdx.json,edb3792cfa98dc61f65b89abd3da2e2b8b7b2143
orhun_binsider_release_8bpg951s_orhun_binsider_release_v0.2.1.orhun-binsider.spdx.json,75370381719a16b130e4310db3cdae7256561c51
orhun_git-cliff_release_dmaat2ox_orhun_git-cliff_release_v2.8.0.orhun-git-cliff-git-cliff.spdx.json,1ff46e53d424d7904967522a7a420aff032ddf5a
ory_hydra_release_6ej1vo6o_ory_hydra_release_v2.3.0.hydra_2.3.0_darwin_amd64_v1.bom.json,53cafaf79a7a93bc15376a825b3ca7012bdf4e8b
ory_hydra_release_78sv6drd_ory_hydra_release_v2.3.0.hydra_2.3.0_sqlite_linux_arm_6.bom.json,6e41e183071838f3e86e5cbf4df825198cca77eb
ory_hydra_release_1u2z33lh_ory_hydra_release_v2.3.0.hydra_2.3.0_sqlite_darwin_arm64_v8.0.bom.json,415d248c5d45a194f2b94d29555137ee0f8c1eb8
ory_hydra_release_37kfxbx9_ory_hydra_release_v2.3.0.hydra_2.3.0_sqlite_linux_arm_7.bom.json,165c13a4c42525f999d75f30ce7a480b9510fab8
ory_hydra_release_j1rjbag3_ory_hydra_release_v2.3.0.hydra_2.3.0_sqlite_darwin_amd64_v1.bom.json,43d45958577159d0c775a0bbd83ab6695e1f72ff
ory_hydra_release_r2z38kpg_ory_hydra_release_v2.3.0.hydra_2.3.0_sqlite_linux_386_sse2.bom.json,88a36707b54fcfd11777c269d59e9cb8c38a25af
ory_hydra_release_c88x1mnm_ory_hydra_release_v2.3.0.hydra_2.3.0_darwin_arm64_v8.0.bom.json,d2d043a950b1852c603d34edffa1e95359cd4274
ory_hydra_release_ur3qkj98_ory_hydra_release_v2.3.0.hydra_2.3.0_sqlite_windows_386_sse2.bom.json,91ef12faa23c061ef4d179df0ece402ac8c5dd4e
ory_hydra_release_c9omy8tt_ory_hydra_release_v2.3.0.hydra_2.3.0_sqlite_linux_amd64_v1.bom.json,1ee1e984014dfaa3b29b6c0a18f43c219ab66423
ory_hydra_release_d0c9rx53_ory_hydra_release_v2.3.0.hydra_2.3.0_linux_arm64_v8.0.bom.json,903bc311b18ede1a95d630b60021b0b2d2c680ef
ory_hydra_release_85x39zzf_ory_hydra_release_v2.3.0.hydra_2.3.0_sqlite_linux_arm64_v8.0.bom.json,e994487e7720358cd0fcd5e66c23d612488970b4
ory_hydra_release_uar7jhp9_ory_hydra_release_v2.3.0.hydra_2.3.0_sqlite_windows_arm64_v8.0.bom.json,afc0f6c7dfa7e224c682cddd50f6e1e85f7aedca
ory_hydra_release_arplif8i_ory_hydra_release_v2.3.0.hydra_2.3.0_linux_amd64_v1.bom.json,50030b4a371eaed9438f0062953f47acd7a7818e
ory_hydra_release_0iptx5iv_ory_hydra_release_v2.3.0.hydra_2.3.0_sqlite_windows_arm_6.bom.json,3fb400fd05531b9b7bcbf2d14c560fab563c49b9
ory_hydra_release_ycyuhiub_ory_hydra_release_v2.3.0.hydra_2.3.0_sqlite_windows_arm_7.bom.json,15506da7dc3335a69d32770b61b41c2e13f9af0d
ory_hydra_release_py0n1kw2_ory_hydra_release_v2.3.0.hydra_2.3.0_sqlite_windows_amd64_v1.bom.json,e86a35aec722e3ddd3f6805756c0c9e0fbab3c50
ory_keto_release_ra4u97w0_ory_keto_release_v0.14.0.keto_0.14.0_sqlite_darwin_arm64_v8.0.bom.json,b21e162db3c88ac40107fa1ebe63e635a7b3e3ad
ory_keto_release_p1uxj27v_ory_keto_release_v0.14.0.keto_0.14.0_linux_amd64_v1.bom.json,f5c1dbf33bc17f3adb0c0c6cf6184531babf99b9
ory_keto_release_nxoq7lj1_ory_keto_release_v0.14.0.keto_0.14.0_darwin_arm64_v8.0.bom.json,a5ae219ac87e782807eb2ede3c77371f8ae040db
ory_keto_release_jiefgiip_ory_keto_release_v0.14.0.keto_0.14.0_linux_arm64_v8.0.bom.json,3e4683a0f6b22b4a6d8cfd05faf206ad4fbb1154
ory_keto_release_kimt7dct_ory_keto_release_v0.14.0.keto_0.14.0_sqlite_darwin_amd64_v1.bom.json,b6ea9e2264b60050680dff62fa6f91ff25d3d19f
ory_keto_release_5sslz7d3_ory_keto_release_v0.14.0.keto_0.14.0_sqlite_windows_amd64_v1.bom.json,1dcc15fb2963959ee7af04084c245ff06fdfc3b5
ory_keto_release_06uxodvn_ory_keto_release_v0.14.0.keto_0.14.0_darwin_amd64_v1.bom.json,2b68cd09096468d0e1e2912e0b1d87e3d976646d
ory_keto_release_mom5s9ft_ory_keto_release_v0.14.0.keto_0.14.0_sqlite_linux_arm_6.bom.json,c8de6e664949be8e9ce1d09c995e1ba0f3d79195
ory_keto_release_puwcvdm8_ory_keto_release_v0.14.0.keto_0.14.0_sqlite_windows_arm_6.bom.json,c67fcc3774d472ca037d2563c65b004705838ba3
ory_keto_release_ebcafg2j_ory_keto_release_v0.14.0.keto_0.14.0_sqlite_windows_arm_7.bom.json,4d2ae6ae5797935fd8c75aeb94e1741072aba174
ory_keto_release_bxm0qbma_ory_keto_release_v0.14.0.keto_0.14.0_sqlite_linux_arm64_v8.0.bom.json,0e0dc89bae6da9076908343bc25ca2fff1b53ca0
ory_keto_release_1zcvoob7_ory_keto_release_v0.14.0.keto_0.14.0_sqlite_linux_386_sse2.bom.json,0ff2795d3e9565fb50941500fd2410befa4acdda
ory_keto_release_fnwvmqix_ory_keto_release_v0.14.0.keto_0.14.0_sqlite_linux_amd64_v1.bom.json,8072bad9d36c46e468a81471756079e186da1608
ory_keto_release_ftg8sd4b_ory_keto_release_v0.14.0.keto_0.14.0_sqlite_linux_arm_7.bom.json,4c29d0549e10900dc41fa05577e283c11ff38aa3
ory_keto_release_u1ygfbss_ory_keto_release_v0.14.0.keto_0.14.0_sqlite_windows_arm64_v8.0.bom.json,1ddde22d258e4a6988128785c49948a2aa2458b2
ory_keto_release_ftamjeao_ory_keto_release_v0.14.0.keto_0.14.0_sqlite_windows_386_sse2.bom.json,0543ed59e087661859354857a5ae30c27a98d6ee
ory_kratos_release_upnegr9w_ory_kratos_release_v1.3.1.kratos_1.3.1_sqlite_linux_386.bom.json,30ac20b3f17f0727c897cbef1cf06999a50c7db3
ory_kratos_release_n5xxzkj2_ory_kratos_release_v1.3.1.kratos_1.3.1_linux_arm64.bom.json,6557b5c8c17ec218bb4a34368cc9af04087142cf
ory_kratos_release_cp6gvmgs_ory_kratos_release_v1.3.1.kratos_1.3.1_sqlite_linux_arm64.bom.json,dfa9a8808c3f8f945f1fe16ec9e71e963fdce3b9
ory_kratos_release_vxbv6418_ory_kratos_release_v1.3.1.kratos_1.3.1_sqlite_windows_arm_6.bom.json,a69b563fba6666d6e7130facf7fbb9934a5e4465
ory_kratos_release_wbjeu4s7_ory_kratos_release_v1.3.1.kratos_1.3.1_sqlite_darwin_amd64_v1.bom.json,7da5c2c02f4275ebc0daa72f4013f16a69654651
ory_kratos_release_89ig8i6h_ory_kratos_release_v1.3.1.kratos_1.3.1_sqlite_windows_386.bom.json,898321454d12af996b11ff187b5355ef5c5af806
ory_kratos_release_vb0ruc75_ory_kratos_release_v1.3.1.kratos_1.3.1_darwin_arm64.bom.json,a45fa35ae33494fa640cb9b8cd119cd5869e6179
ory_kratos_release_p4i7a1hz_ory_kratos_release_v1.3.1.kratos_1.3.1_sqlite_linux_amd64_v1.bom.json,7a1639d2389a2046fe4ede5cf3676535f9754a81
ory_kratos_release_e278tnjm_ory_kratos_release_v1.3.1.kratos_1.3.1_sqlite_linux_arm_7.bom.json,9def7914b8d861957c9add9e44ddd7f65ff2fad4
ory_kratos_release_sw2ulx2h_ory_kratos_release_v1.3.1.kratos_1.3.1_linux_amd64_v1.bom.json,9b09c66cb4df8494bfd7d0b323b980d802d7768a
ory_kratos_release_ae0h9v3p_ory_kratos_release_v1.3.1.kratos_1.3.1_sqlite_windows_arm_7.bom.json,ffc8c86ba3f5e9ef0a0f34610eb63baa8376c3cc
ory_kratos_release_tohjyfzy_ory_kratos_release_v1.3.1.kratos_1.3.1_darwin_amd64_v1.bom.json,d52a22dea7704d4fb9d75ea96fdfbe31fa718cb3
ory_kratos_release_gddjg1hi_ory_kratos_release_v1.3.1.kratos_1.3.1_sqlite_windows_arm64.bom.json,c02025604a92c5a45b9a400a2ac8366b7b6c6177
ory_kratos_release_bogsz2wp_ory_kratos_release_v1.3.1.kratos_1.3.1_sqlite_windows_amd64_v1.bom.json,ddb8b044f43daf9f243588f6f749b398fbee5eb5
ory_kratos_release_uq4ltijf_ory_kratos_release_v1.3.1.kratos_1.3.1_sqlite_darwin_arm64.bom.json,bb1beb8729575d49b6403e1e93124728dc57fd45
ory_kratos_release_whchfc3w_ory_kratos_release_v1.3.1.kratos_1.3.1_sqlite_linux_arm_6.bom.json,e5c62a8f368a8651071ce5c9b48b016282e23dc7
owasp-amass_amass_release_w82r3qge_owasp-amass_amass_release_v4.2.0.amass_freebsd_amd64.bom.json,b4f02df7d857c1792f8fe185e251fb75d19d0354
owasp-amass_amass_release_9nryy72k_owasp-amass_amass_release_v4.2.0.amass_linux_386.bom.json,dcb3d0f55fcdcaec2aec78ac64aa46c1decfec36
owasp-amass_amass_release_q8hem9hz_owasp-amass_amass_release_v4.2.0.amass_linux_arm.bom.json,04dbb1fbf257447376e01c0d25b35703ea481053
owasp-amass_amass_release_gyklfid3_owasp-amass_amass_release_v4.2.0.amass_darwin_amd64.bom.json,6b38b40abb2685a0a49444c44969b7423ba72e42
owasp-amass_amass_release_nrvfxmk7_owasp-amass_amass_release_v4.2.0.amass_darwin_arm64.bom.json,9af6bc63f13809e9fdd31244ca7516bb8b68c16a
owasp-amass_amass_release_xzpwkv16_owasp-amass_amass_release_v4.2.0.amass_linux_arm64.bom.json,8275c0b4e72aee17a9800af1cbff7bcade5c513f
owasp-amass_amass_release_hxqdnnsy_owasp-amass_amass_release_v4.2.0.amass_freebsd_386.bom.json,d0cb4b111d552c5315122027366443c5d81f898c
owasp-amass_amass_release_cxfez8ho_owasp-amass_amass_release_v4.2.0.amass_freebsd_arm64.bom.json,fef716b659460cbbc1b85ae676d61ffb751cdd0d
owasp-amass_amass_release_23x1p1j8_owasp-amass_amass_release_v4.2.0.amass_windows_amd64.bom.json,a4de988029c25b0dc5328f7e98b95b3144f6e3ff
owasp-amass_amass_release_r8bm1eh7_owasp-amass_amass_release_v4.2.0.amass_linux_amd64.bom.json,53f8ea57c8d06740de575e83a04cc711228c728f
paralax_ObsidianSailboat_a5a7009a6b3f2fe66063c83bdce316b748c416ec_hglhegcz_bom.json,8638d8ff450779e8b8f25bb0c1b8425a468cd9b9
paralax_ObsidianSailboat_a5a7009a6b3f2fe66063c83bdce316b748c416ec_a25xnlm4_bom.xml,4c73fe2fcfe676345ae105f3f1d0cd436768d85c
pentagridsec_smsgate_a98cb591313cfaec7a39a5a2793880e8882a7598_xbeyjqd7_cyclonedx-sbom.xml,a900b842bef85fb8c04aff004cc50f9f013f57a2
pesa1234_MT6000_cust_build_4737cdceb2687ef2ee48edc5f6951c37ad1eb5cd_s7w3wp38_openwrt-snapshot-r29721-5111451803-mediatek-filogic-glinet_gl-mt6000.bom.cdx.json,4dce9543a7cc0cd9f1d43272d6ea2c09628d9620
pesa1234_MT6000_cust_build_4737cdceb2687ef2ee48edc5f6951c37ad1eb5cd_48u1ihfg_openwrt-snapshot-r29038-a134d8463a-mediatek-filogic-glinet_gl-mt6000.bom.cdx.json,30f06bbcb8ac7f16938659a0f4286b1d52d2ec43
pesa1234_MT6000_cust_build_4737cdceb2687ef2ee48edc5f6951c37ad1eb5cd_erzda4jn_openwrt-snapshot-r28663-83f150fb3f-mediatek-filogic-glinet_gl-mt6000.bom.cdx.json,e8a44fd6cfbb15c0bd2b4d29c46bb60173d41b3b
pesa1234_MT6000_cust_build_4737cdceb2687ef2ee48edc5f6951c37ad1eb5cd_cikbyoq2_openwrt-snapshot-r28468-d0427a99f5-mediatek-filogic-glinet_gl-mt6000.bom.cdx.json,01892091b0ee1524f355c62d80c7107a819c9765
pesa1234_MT6000_cust_build_4737cdceb2687ef2ee48edc5f6951c37ad1eb5cd_xp9f2zb6_openwrt-snapshot-r29421-e75ab0aa25-mediatek-filogic-glinet_gl-mt6000.bom.cdx.json,5665a482a962f169ab64c49cd58d3736c900076e
pesa1234_MT6000_cust_build_4737cdceb2687ef2ee48edc5f6951c37ad1eb5cd_zqvi38qc_openwrt-snapshot-r29416-b6854ccf58-mediatek-filogic-glinet_gl-mt6000.bom.cdx.json,50b909fdeccbac8461af4c1ee9f59d0dd1cec85c
pesa1234_MT6000_cust_build_4737cdceb2687ef2ee48edc5f6951c37ad1eb5cd_an8asvyk_openwrt-snapshot-r28760-ec4997cf2f-mediatek-filogic-glinet_gl-mt6000.bom.cdx.json,1da70215761ff178237d35bda6ce83c73043b05e
pmd_pmd_release_j27mz6f3_pmd_pmd_release_7.12.0.pmd-7.12.0-cyclonedx.xml,ee31423867c38cb2135b6087df246c662a70b19b
pmd_pmd_release_ytsa7b1z_pmd_pmd_release_7.12.0.pmd-7.12.0-cyclonedx.json,e2008d30780e59aa50dc8f1785ed8f75e692b757
pmd_pmd_release_t7qas1wm_pmd-7.12.0-cyclonedx.json,e2008d30780e59aa50dc8f1785ed8f75e692b757
pmd_pmd_release_hy6rta03_pmd-7.12.0-cyclonedx.xml,ee31423867c38cb2135b6087df246c662a70b19b
postalsys_emailengine_e89ae9e7c7bc7b51d0f46c69df5d0e35f04bd973_53thjv49_sbom.json,f86b66fe21271fcb1552e38f44edca960198cbf1
postalsys_emailengine_release_9lycu5pz_sbom.json,f86b66fe21271fcb1552e38f44edca960198cbf1
psf_sboms-for-python-packages_a399bc2f1e948c043b92db9d125aface091cbafa_x1xau3r4_trivy.cdx.json,64f54a3cca2057db2386ea1cedf037dd612bc8d9
psf_sboms-for-python-packages_a399bc2f1e948c043b92db9d125aface091cbafa_l7pqlb02_syft-reqs.cdx.json,8613261e14f624c8ed1b0c2567297d3ca62533fd
psf_sboms-for-python-packages_a399bc2f1e948c043b92db9d125aface091cbafa_1h3hw7hg_cdxgen.cdx.json,eb582cd0aae092afa73911080750fa9e7525142b
psf_sboms-for-python-packages_a399bc2f1e948c043b92db9d125aface091cbafa_8l95o990_syft-venv.cdx.json,6b8b9a56a3a3d93e5d0b110b380edec060fdcaf3
psf_sboms-for-python-packages_a399bc2f1e948c043b92db9d125aface091cbafa_2qu5sf3r_cyclonedx-bom-reqs.cdx.json,6b65cf0fa578e2a7d557b529e592a79def5f07a4
psf_sboms-for-python-packages_a399bc2f1e948c043b92db9d125aface091cbafa_kw29gzmv_cyclonedx-bom-venv.cdx.json,cb71e8131c21a1124c5cbc9513a88ae41670cdfd
python_cpython_5f2ba152a0471f6f556ca2d9486e5ba486fcfbde_4mhe9dyf_sbom.spdx.json,2a573541816b6489b4261ff920d29f3dfa3f3a35
qaul_qaul.net_release_i2hbh4wq_qaul_qaul.net_release_v2.0.0-rc.3.sbom.spdx.json,5474e734b7d7ab90288fd3c642061c0b8b1da040
qaul_qaul.net_release_e3cz4edt_qaul_qaul.net_release_v2.0.0-rc.3.sbom.cdx.json,9a2b4f4119e2408e028359e5111892a30d40c349
raffomania_linkblocks_6f8da80f1aeeb399323cf7a2a27001dcc7f7a72f_kqqqouhp_linkblocks.cdx.json,2db84029d3fe18a791d8654a2698b602f9dc353d
ruby_ruby.wasm_8a49b715e06aed1cbfe1bd33a9299c7a536dc646_g2fe3098_sbom.spdx.json,70402a0375078099e57214a9f0387beb505e7752
scanoss_engine_e41cf0b5ab81bc7f961aadaffeaf4a3669868729_gc14xdlv_SBOM.json,ee3ecac578315f37987f6e86b5203b721634bfd6
scanoss_sbom-workbench_3f1e85f0706f56862caa3bbe151de558f5939407_den07rpy_SBOM.json,a3e4955786c56f5716b4f4858f10e0597106acac
scanoss_scanoss.py_3ce0d0a19a17d44f7c44f934657ca772f3e79d09_68xx8kjf_SBOM.json,8beb0a5849492331bfd179543e723f08ae0aab87
securego_gosec_release_q2dcvhk8_securego_gosec_release_v2.22.3.bom.json,94c45b12d26fd55d67c22bc9e2f77b011df7838b
sgtest_megarepo_3f98332e6d69aa2e4c1835e0575efcf01a1b4650_tzz4ooz6_sbom.json,dde7550269a669cb17ef79052da6575740a6779d
shamblett_cbor_5d9ad7fe2f15280586582a1841bb9911a8658d92_3kq27dr5_sbom.spdx,58fa2ac16b1cf09741460962242e3fd308ceff26
shamblett_ethereum_b9d3282a1ab1a1a00720d0d80a25de9980108566_ogy7x1wo_sbom.spdx,7f606cca97c66efa5fecdef5e4e407f749f24905
shamblett_mqtt5_client_81cb133c799454b5862b0b3398ba23dc2b82f5a6_3md96iw2_sbom.spdx,8da0d6f70fc902b5b7aad7155c31733625e9926d
shamblett_mqtt_client_51a87046e1237e9b70c39859c36a764c3a6bd9ea_wex3fnih_sbom.spdx,59629d900077da742c5922a5dc85cf140fcddffc
shamblett_sporran_c66b9fed7d210ee9bdeea7e14a6ca3fe39ea5e58_khdp0yw7_sbom.spdx,673819416dc63abb647b699d63764bd0286f863c
shamblett_xml2json_b811ce95122d024333bd5c7377bb86f485ef6ec6_6ym7uped_sbom.spdx,90b8598eebafc4da4035d9434ab0487c6b872e77
shortlink-org_shortlink_73466f74ab657b8211a9d3d89435a1dfbda65cfe_3vzmmryo_shortdb-operator.spdx,e3c7cd55673afcc1fd00596f9f49d1fb86023a41
sigstore_cosign_release_3tk7fye8_sigstore_cosign_release_v2.5.0.cosign-darwin-amd64_2.5.0_darwin_amd64.sbom.json,316c9349b532c704cd712010693dedde0d2a0ddf
sigstore_cosign_release_10hv1j8u_sigstore_cosign_release_v2.5.0.cosign-linux-pivkey-pkcs11key-arm64_2.5.0_linux_arm64.sbom.json,c9a03ba8e1d0ccbd73df3344d832f6a9416faab8
sigstore_cosign_release_xvga6zn9_sigstore_cosign_release_v2.5.0.cosign-windows-amd64.exe_2.5.0_windows_amd64.sbom.json,03f309680528e5b153264da9e3c981b57606f962
sigstore_cosign_release_0vlovltw_sigstore_cosign_release_v2.5.0.cosign-linux-s390x_2.5.0_linux_s390x.sbom.json,b71f91668cbc75dfe341b7fc7de5517ff145ed0d
sigstore_cosign_release_qmevowtg_sigstore_cosign_release_v2.5.0.cosign-linux-arm_2.5.0_linux_arm.sbom.json,89e36755c55ad757b3b8ece2caf5436cf3b194b4
sigstore_cosign_release_4vwgzv8d_sigstore_cosign_release_v2.5.0.cosign-linux-riscv64_2.5.0_linux_riscv64.sbom.json,804bff270516200ae7f80f5bd8177613b4d9a3ab
sigstore_cosign_release_68l1uo85_sigstore_cosign_release_v2.5.0.cosign-darwin-arm64_2.5.0_darwin_arm64.sbom.json,01a32e500ea7d6e0a2d544a6b756ac69e92092cb
sigstore_cosign_release_kumah9br_sigstore_cosign_release_v2.5.0.cosign-linux-arm64_2.5.0_linux_arm64.sbom.json,17356872c680f5768c8f6e419b69b0bd44476816
sigstore_cosign_release_irvg3pte_sigstore_cosign_release_v2.5.0.cosign-linux-ppc64le_2.5.0_linux_ppc64le.sbom.json,ed555d42cd9c17655343b9880b06d99a758655ca
sigstore_cosign_release_3tqjmq2g_sigstore_cosign_release_v2.5.0.cosign-linux-amd64_2.5.0_linux_amd64.sbom.json,9e06d6890a10bf8bdd27d792c6746143e0240675
sigstore_cosign_release_1ssqyqnf_sigstore_cosign_release_v2.5.0.cosign-linux-pivkey-pkcs11key-amd64_2.5.0_linux_amd64.sbom.json,af567677e1eeaa4198fa944ad26a5e3e54bfadfb
simonec73_threatsmanager_969b6292789268e8c4927f96b7bd3cd606145c9a_ksqhninx_manifest.spdx.json,010d6c03f30f9120984ccda3d087489e23d5292d
simonec73_threatsmanager_release_9391mun1_manifest.spdx.json,61a3cdc483887a9c05fffc94b06c2ccd8b5106f1
simonec73_threatsmanager_release_cntm9xm8_manifest.spdx.json,06f79082c34bbceeef7a4594abba67568ce9b334
stefanwerfling_flyingfish_0935c2d83cda5b66bcac36377185ee661480c5a2_tou218jw_flyingfish.spdx.json,68be19665f1c194534862cf8346761312271e535
strimzi_strimzi-kafka-operator_release_koukewz7_sha256:576f7b5fc477bb9d16b5e83a6c4e2e4d38c02054ce1abe2ec7e62455fc336930.json,c895f4b4c8c7699c7b11cf427d9429e7bbf56908
strimzi_strimzi-kafka-operator_release_x52yf226_sha256:2d8dd8990f7c387d296a0bce014bc14744812ce439e82ee59a96948c4f813b78.json,1bf81ad97e5c9ea835647313ca3f914300670e45
strimzi_strimzi-kafka-operator_release_c2i7ydqt_sha256:9b0de8c1547becd700279ea5917b15ff8dd0e3c744db6dc4eb10c13e9be33f84.json,c5f46cc226c5906aa2a6f9dd4f2493792f7524c0
strimzi_strimzi-kafka-operator_release_01aio5o0_sha256:7ace51029bfb6dfc264533ab098aee70e45f41d4956ba0b48ae63c2493f3dbe3.json,16018f181ec6ce31be0be80c20f988e851ada13f
strimzi_strimzi-kafka-operator_release_obqdx3zg_sha256:f107890ba6691767cd5d795948da3d7135af741bb737f5128c7258c3c95ac0b3.json,1f234acb674f98c66c936bc3d5d8e6442194fb33
strimzi_strimzi-kafka-operator_release_quw2z6c9_sha256:db563782d7437513a9a68793eb54d754668809dbb399a50f42da8f11828220eb.json,805044493752e5f9453b29464270c422470eb68b
strimzi_strimzi-kafka-operator_release_4z8pt2mh_sha256:55ef9a54d67facef08436bac1d4ef78e306200b46b9d7879daafd91ba75619ca.json,622358e5ce9c84ce2a2dbd094c702fcda07eb14b
strimzi_strimzi-kafka-operator_release_jf0fckub_sha256:3edced8385a32cb6de7b3a843a0fc695ed1c33fdbd7f58ad330937cc2475bb23.json,3296a6f11a5c85fbd90dbd221df08c982da636da
strimzi_strimzi-kafka-operator_release_nv49n57f_sha256:cb4ebff67589f82004d54934a9defeb97c1ef1daa54d03679abe4d1cab23923f.json,59f5ed126dad1c75a8b488ccf32a683d5e9a3f99
strimzi_strimzi-kafka-operator_release_3d7e00m3_sha256:956b9532087cc3f3d0cb72d852ccdf13aa0b2d6c6ac027e8377b8e2e54688090.json,5329c49fd61da1f24ab7442e9921cd552fc66f09
strimzi_strimzi-kafka-operator_release_yd90lo4c_sha256:d1351755b0fdf775e404a660f149ddf3117bc6be89d716d15e74abe2415e65e0.json,b24528c9b0797ec7e8c0de0c5556f087a48d0989
strimzi_strimzi-kafka-operator_release_phptd3cr_sha256:024f03b8ba7a65913cc93068e69b8fe14748f0b9b96d3f1aea0bf80117dd0863.json,8ca8bdd0df80ec8c99c07b3e305f081527f6b2c3
strimzi_strimzi-kafka-operator_release_7wir7gzr_sha256:5c6b04a18d4ffce8dae1a200985e3dddf6e7437e18d945bca7838fd4fdeb3b93.json,3fb84e5365724f5516e0760ba98ec127bc2017ca
strimzi_strimzi-kafka-operator_release_bgvotd6u_sha256:9abf45e1a84dd776814d85ab5ffbebadba51271ab50bd00e00982762e91cd85a.json,8a654b3572b62d2de1f4241326ef17d6cb12e812
strimzi_strimzi-kafka-operator_release_ea3t6xdh_sha256:1009a1247404329aaab45710611e383699973087559dce9f79b8ce5fb8449f7f.json,4d74783480646a3df7addd0f003909debcc6f8dc
strimzi_strimzi-kafka-operator_release_7tyba4qw_sha256:41b1ea154d78bd27a126e74796a984ee7fc3a6b34294f37479de6e60add5a6f5.json,5c85332dc99a99dccb09883c7866b4f05a2f4469
strimzi_strimzi-kafka-operator_release_9rn263hh_sha256:075c050a9eaa8458fb6d04adb339b6d6054147def110ee14994241f74bbbbf29.json,859d85f833f7516d18079668f34d14a957a6f249
strimzi_strimzi-kafka-operator_release_ze3il7ke_sha256:101364451dc0fd069dc43551b35fe9c2298a8792d8f17fd76fe59415f4ae09f7.json,b2e54720679ea4b24b56aad4e581a4713be6f116
strimzi_strimzi-kafka-operator_release_rsja9xy6_sha256:cfcbd56ab7a3ddb88b550f7a6a255f9b868ffd013af9f42de5d7b8d88cfce977.json,2c12f61271c2c2bd5e9091a936dacf1a9241734c
strimzi_strimzi-kafka-operator_release_celtbf3m_sha256:b9fda52720a8c6ae739df862b988abcc29dd6b223b681afc2dc7387bcd42c9e0.json,d27b3b6171534d5f84df29aaf2561d52ccb5c405
strimzi_strimzi-kafka-operator_release_g7st2vbp_sha256:a4b6ca3f01907fbd3c491d10813ac71c14b0671da23ca4a6bdb280a5f22a2b91.json,4813ec60c80b99fcbca248d394c300c2bad3113d
strimzi_strimzi-kafka-operator_release_mox0fl2a_sha256:ade1e5909eaa8a4e8b9198eb98cf1d728cf3e8191fca7644adba9f1c914e7c84.json,642fc3a84a39c3acdaab3ff294aeefc28e9ed99f
strimzi_strimzi-kafka-operator_release_1lkqqrg1_sha256:eba507191e27f123e0c4ff62157a5e698ec67223dba90c58c672eda6fd65cfb3.json,27833bbdaaeb1f19d32d1dc079b63a86f12319db
strimzi_strimzi-kafka-operator_release_msjrz52x_sha256:1262759b72e95023631d1bd3cedfd2fc88ea07d8a3b4aedbb3ced582000a8b57.json,6f80ad077644cbc0679207f343a02302d809dc1c
terrestris_ol-util_e110c64390e4c21d4d3a5ea59289de59c92c0e40_fuk3vh42_sbom.json,439b5c87f1d61aba7528688e96fdf3e56b627497
tlsfuzzer_tlsfuzzer_e637d8782e9c12e55eada1ecb9926258c62265e5_ghsbrtsv_sbom.cdx.json,5a62e6e6568d4553cb79583ce5db5686b27ad0c8
transmute-industries_transmute_79d01913e6aab14fd871030baefd09d8efde9af5_ydf3rab9_manifest.spdx.json,5d0a2f7dc90132cf481288f10e0abec70479cf03
volution_kawipiko_8042f50fa18e5b3912a1dd31928a32a7e2afb5ef_h6cmg158_sbom.json,b49199572922168cff0e5e8d5466962a142a903c
volution_kawipiko_8042f50fa18e5b3912a1dd31928a32a7e2afb5ef_wntdl80m_cyclonedx.json,b49199572922168cff0e5e8d5466962a142a903c
volution_vonuvoli-scheme_468df001f966934668f0355393c98f3ad2ddee53_twka1m3y_cyclonedx.json,390f533f962ff01ee9e3437fa4f221dca2e9aeb3
volution_z-run_a6274842ebcefd547d0ba84e345f42a6bb691916_5jbiu0mg_sbom.json,a16418b4c0bdb549a319e205952355c578b4dd80
volution_z-run_a6274842ebcefd547d0ba84e345f42a6bb691916_q27mjwhc_cyclonedx.json,a16418b4c0bdb549a319e205952355c578b4dd80
volution_z-tokens_2b53be865f92ed0594f0403c4fb4a9c6760bd722_nyhc5vg4_cyclonedx.json,99cc6364d0db146755f580d8808f8af21bbe1ac9
zeux_pugixml_release_737o8ch9_sbom.cdx.json,7106b54f143c8b53a37fe8559c510d3721d2a01c
zeux_pugixml_release_ue2vzia8_sbom.cdx.json,927490ac48867bb08976488dfcb187d4a64c77fc
zeux_pugixml_657c33ae34dbc1d43ae5a5336599bebc7c93688f_hego416x_sbom.cdx.json,927490ac48867bb08976488dfcb187d4a64c77fc
